ID,Item Name,Museum Name,Class,Latitude,Longitude
1,"Ікона «Преподобний Феодосій Печерський» Україна, м. Київ, Києво-Печерська лавра. 1700-ті роки",Національний заповідник Києво-Печерська лавра,образотворчий,50.4349,30.5595
2,"Ікона «Преподобний Антоній Печерський» Україна, м. Київ, Києво-Печерська лавра. 1700-ті роки",Національний заповідник Києво-Печерська лавра,образотворчий,50.4349,30.5595
3,"Ікона «Христос Вседержитель» в профільованій дерев'яній рамі з накладними різьбленими елементами. Україна, м. Київ, Києво-Печерська лавра. 1700-ті роки.",Національний заповідник Києво-Печерська лавра,образотворчий,50.4349,30.5595
4,"Ікона «Богородиця Одигітрія» в профільованій дерев'яній рамі з накладними різьбленими елементами. Україна, м. Київ, Києво-Печерська лавра. 1700-ті роки.",Національний заповідник Києво-Печерська лавра,образотворчий,50.4349,30.5595
5,Ікона «Зішестя до пекла» Волинь. Початок ХVІ ст. ,Національний заповідник Києво-Печерська лавра,образотворчий,50.4349,30.5595
6,Ікона «Спас в силах». Галичина. ХVІ ст.,Національний заповідник Києво-Печерська лавра,образотворчий,50.4349,30.5595
7,Царські врата. Волинь. Середина – друга половина ХVІ ст. ,Національний заповідник Києво-Печерська лавра,образотворчий,50.4349,30.5595
8,Пектораль – нагрудна прикраса. ,Національний музей історії України,речовий,50.4454,30.5175
9,"Сережка човникоподібна.
Автор невідомий.
Доба бронзи, XIII -  XII ст. до н.е. 
",Національний музей історії України,речовий,50.4454,30.5175
10,"Підвіска у вигляді 
спіралеподібного стрижня.
Автор невідомий.
Кіммерійці, 
VIII ст. до н.е.
",Національний музей історії України,речовий,50.4454,30.5175
11,"Пластина із зображенням оленя. 
Автор невідомий. 
Скіфи, VII  ст.  до н.е.
",Національний музей історії України,речовий,50.4454,30.5175
12,"Пластина із зображенням оленя. 
Автор невідомий. 
Скіфи, VII  ст.  до н.е.
",Національний музей історії України,речовий,50.4454,30.5175
13,"Пластина із зображенням оленя. 
Автор невідомий. 
Скіфи, VII  ст.  до н.е.
",Національний музей історії України,речовий,50.4454,30.5175
14,"Пластина із зображенням оленя. 
Автор невідомий. 
Скіфи, VII  ст.  до н.е.
",Національний музей історії України,речовий,50.4454,30.5175
15,"Пластина із зображенням оленя. 
Автор невідомий. 
Скіфи, VII  ст.  до н.е.
",Національний музей історії України,речовий,50.4454,30.5175
16,"Пластина із зображенням оленя. 
Автор невідомий. 
Скіфи, VII  ст.  до н.е.
",Національний музей історії України,речовий,50.4454,30.5175
17,"Пластина із зображенням оленя. 
Автор невідомий. 
Скіфи, VII  ст.  до н.е.
",Національний музей історії України,речовий,50.4454,30.5175
18,"Пластина із зображенням оленя. 
Автор невідомий. 
Скіфи, VII  ст.  до н.е.
",Національний музей історії України,речовий,50.4454,30.5175
19,"Пластина із зображенням оленя. 
Автор невідомий. 
Скіфи, VII  ст.  до н.е.
",Національний музей історії України,речовий,50.4454,30.5175
20,"Пластина із зображенням оленя. 
Автор невідомий. 
Скіфи, VII  ст.  до н.е.
",Національний музей історії України,речовий,50.4454,30.5175
21,"Пластина із зображенням оленя. 
Автор невідомий. 
Скіфи, VII  ст.  до н.е.
",Національний музей історії України,речовий,50.4454,30.5175
22,"Пластина із зображенням оленя. 
Автор невідомий. 
Скіфи, VII  ст.  до н.е.
",Національний музей історії України,речовий,50.4454,30.5175
23,"Пластина із зображенням оленя. 
Автор невідомий. 
Скіфи, VII  ст.  до н.е.
",Національний музей історії України,речовий,50.4454,30.5175
24,"Пластина із зображенням оленя. 
Автор невідомий. 
Скіфи, VII  ст.  до н.е.
",Національний музей історії України,речовий,50.4454,30.5175
25,"Пластина із зображенням оленя. 
Автор невідомий. 
Скіфи, VII  ст.  до н.е.
",Національний музей історії України,речовий,50.4454,30.5175
26,"Пластина із зображенням оленя. 
Автор невідомий. 
Скіфи, VII  ст.  до н.е.
",Національний музей історії України,речовий,50.4454,30.5175
27,"Пластина із зображенням оленя. 
Автор невідомий. 
Скіфи, VII  ст.  до н.е.
",Національний музей історії України,речовий,50.4454,30.5175
28,"Пластина із зображенням оленя. 
Автор невідомий. 
Скіфи, VII  ст.  до н.е.
",Національний музей історії України,речовий,50.4454,30.5175
29,"Пластина із зображенням оленя. 
Автор невідомий. 
Скіфи, VII  ст.  до н.е.
",Національний музей історії України,речовий,50.4454,30.5175
30,"Пластина із зображенням оленя. 
Автор невідомий. 
Скіфи, VII  ст.  до н.е.
",Національний музей історії України,речовий,50.4454,30.5175
31,"Пластина із зображенням оленя. 
Автор невідомий. 
Скіфи, VII  ст.  до н.е.
",Національний музей історії України,речовий,50.4454,30.5175
32,"Пластина із зображенням оленя. 
Автор невідомий. 
Скіфи, VII  ст.  до н.е.
",Національний музей історії України,речовий,50.4454,30.5175
33,"Пластина із зображенням оленя. 
Автор невідомий. 
Скіфи, VII  ст.  до н.е.
",Національний музей історії України,речовий,50.4454,30.5175
34,"Пластина із зображенням оленя. 
Автор невідомий. 
Скіфи, VII  ст.  до н.е.
",Національний музей історії України,речовий,50.4454,30.5175
35,"Пластина із зображенням оленя. 
Автор невідомий. 
Скіфи, VII  ст.  до н.е.
",Національний музей історії України,речовий,50.4454,30.5175
36,"Пластина із зображенням оленя. 
Автор невідомий. 
Скіфи, VII  ст.  до н.е.
",Національний музей історії України,речовий,50.4454,30.5175
37,"Пластина із зображенням оленя. 
Автор невідомий. 
Скіфи, VII  ст.  до н.е.
",Національний музей історії України,речовий,50.4454,30.5175
38,"Пластина із зображенням оленя. 
Автор невідомий. 
Скіфи, VII  ст.  до н.е.
",Національний музей історії України,речовий,50.4454,30.5175
39,"Пластина із зображенням оленя. 
Автор невідомий. 
Скіфи, VII  ст.  до н.е.
",Національний музей історії України,речовий,50.4454,30.5175
40,"Пластина із зображенням оленя. 
Автор невідомий. 
Скіфи, VII  ст.  до н.е.
",Національний музей історії України,речовий,50.4454,30.5175
41,"Пластина із зображенням гірського козла. Автор невідомий.
Скіфи, VII  ст.  до н.е.
",Національний музей історії України,речовий,50.4454,30.5175
42,"Пластина із зображенням гірського козла. Автор невідомий.
Скіфи, VII  ст.  до н.е.
",Національний музей історії України,речовий,50.4454,30.5175
43,"Пластина із зображенням гірського козла. Автор невідомий.
Скіфи, VII  ст.  до н.е.
",Національний музей історії України,речовий,50.4454,30.5175
44,"Пластина із зображенням гірського козла. Автор невідомий.
Скіфи, VII  ст.  до н.е.
",Національний музей історії України,речовий,50.4454,30.5175
45,"Пластина із зображенням гірського козла. Автор невідомий.
Скіфи, VII  ст.  до н.е.
",Національний музей історії України,речовий,50.4454,30.5175
46,"Пластина із зображенням гірського козла. Автор невідомий.
Скіфи, VII  ст.  до н.е.
",Національний музей історії України,речовий,50.4454,30.5175
47,"Пластина із зображенням гірського козла. Автор невідомий.
Скіфи, VII  ст.  до н.е.
",Національний музей історії України,речовий,50.4454,30.5175
48,"Пластина із зображенням гірського козла. Автор невідомий.
Скіфи, VII  ст.  до н.е.
",Національний музей історії України,речовий,50.4454,30.5175
49,"Пластина із зображенням гірського козла. Автор невідомий.
Скіфи, VII  ст.  до н.е.
",Національний музей історії України,речовий,50.4454,30.5175
50,"Пластина із зображенням гірського козла. Автор невідомий.
Скіфи, VII  ст.  до н.е.
",Національний музей історії України,речовий,50.4454,30.5175
51,"Пластина із зображенням гірського козла. Автор невідомий.
Скіфи, VII  ст.  до н.е.
",Національний музей історії України,речовий,50.4454,30.5175
52,"Пластина із зображенням гірського козла. Автор невідомий.
Скіфи, VII  ст.  до н.е.
",Національний музей історії України,речовий,50.4454,30.5175
53,"Пластина із зображенням гірського козла. Автор невідомий.
Скіфи, VII  ст.  до н.е.
",Національний музей історії України,речовий,50.4454,30.5175
54,"Пластина із зображенням гірського козла. Автор невідомий.
Скіфи, VII  ст.  до н.е.
",Національний музей історії України,речовий,50.4454,30.5175
55,"Пластина із зображенням гірського козла. Автор невідомий.
Скіфи, VII  ст.  до н.е.
",Національний музей історії України,речовий,50.4454,30.5175
56,"Пластина із зображенням гірського козла. Автор невідомий.
Скіфи, VII  ст.  до н.е.
",Національний музей історії України,речовий,50.4454,30.5175
57,"Пластина із зображенням гірського козла. Автор невідомий.
Скіфи, VII  ст.  до н.е.
",Національний музей історії України,речовий,50.4454,30.5175
58,"Пластина із зображенням гірського козла. Автор невідомий.
Скіфи, VII  ст.  до н.е.
",Національний музей історії України,речовий,50.4454,30.5175
59,"Пластина із зображенням грифона. 
Автор невідомий.
Скіфи, VII  ст. до н.е.
",Національний музей історії України,речовий,50.4454,30.5175
60,"Пластина із зображенням грифона. 
Автор невідомий.
Скіфи, VII  ст. до н.е.
",Національний музей історії України,речовий,50.4454,30.5175
61,"Пластина із зображенням грифона. 
Автор невідомий.
Скіфи, VII  ст. до н.е.
",Національний музей історії України,речовий,50.4454,30.5175
62,"Пластина із зображенням грифона. 
Автор невідомий.
Скіфи, VII  ст. до н.е.
",Національний музей історії України,речовий,50.4454,30.5175
63,"Пластина із зображенням грифона. 
Автор невідомий.
Скіфи, VII  ст. до н.е.
",Національний музей історії України,речовий,50.4454,30.5175
64,"Пластина із зображенням грифона. 
Автор невідомий.
Скіфи, VII  ст. до н.е.
",Національний музей історії України,речовий,50.4454,30.5175
65,"Пластина із зображенням грифона. 
Автор невідомий.
Скіфи, VII  ст. до н.е.
",Національний музей історії України,речовий,50.4454,30.5175
66,"Пластина із зображенням грифона. 
Автор невідомий.
Скіфи, VII  ст. до н.е.
",Національний музей історії України,речовий,50.4454,30.5175
67,"Пластина із зображенням грифона. 
Автор невідомий.
Скіфи, VII  ст. до н.е.
",Національний музей історії України,речовий,50.4454,30.5175
68,"Меч залізний із золотою плакіровкою руків’я (2 од. зб.).
Оббивка піхов меча (1 од. зб.)
Автор невідомий. 
Скіфи, IV ст. до н.е.
",Національний музей історії України,речовий,50.4454,30.5175
69,"Чаша із зображенням скіфів. 
Автор невідомий. 
Скіфи, IV ст. до н.е.
",Національний музей історії України,речовий,50.4454,30.5175
70,"„Шолом” – культовий предмет із зображенням битви скіфів.
Автор невідомий. 
Скіфи, IV ст. до н.е.
",Національний музей історії України,речовий,50.4454,30.5175
71,"Пластина – прикраса головного убору із зображенням культових сцен.
Автор невідомий. 
Скіфи, IV ст. до н.е.
",Національний музей історії України,речовий,50.4454,30.5175
72,"Пластина ажурна – прикраса голови коня.
Автор невідомий. 
Скіфи, IV ст. до н.е.
",Національний музей історії України,речовий,50.4454,30.5175
73,"Пластина – окуття горита (футляр для лука і стріл).
Автор невідомий. 
Скіфи, IV ст. до н.е.
",Національний музей історії України,речовий,50.4454,30.5175
74,"Фігурка вепра – ручка посудини.
Автор невідомий. 
Скіфи, IV ст. до н.е.
",Національний музей історії України,речовий,50.4454,30.5175
75,"Сережка парна у вигляді сфінкса.
Автор невідомий.
Скіфи, IV ст. до н.е.
",Національний музей історії України,речовий,50.4454,30.5175
76,"Сережка парна у вигляді сфінкса.
Автор невідомий.
Скіфи, IV ст. до н.е.
",Національний музей історії України,речовий,50.4454,30.5175
77,"Браслет наручний.
Автор невідомий. 
Сармати, II ст. до н.е. – I ст. н.е.
",Національний музей історії України,речовий,50.4454,30.5175
78,"Браслет наручний.
Автор невідомий. 
II ст. до н.е. - I ст.  н.е.
",Національний музей історії України,речовий,50.4454,30.5175
79,"Гривна спіральна з фігурками тварин на кінцях.
Автор невідомий. 
Сармати, II ст. до н.е. – I ст.  н.е.
",Національний музей історії України,речовий,50.4454,30.5175
80,"Фібула у вигляді дельфіна.
Автор невідомий. 
Сармати, II ст. до н.е. – I ст.  н.е
",Національний музей історії України,речовий,50.4454,30.5175
81,"Сережка парна.
Автор невідомий. 
Сармати, II ст. до н.е. – I ст.  н.е.
",Національний музей історії України,речовий,50.4454,30.5175
82,"Сережка парна.
Автор невідомий. 
Сармати, II ст. до н.е. – I ст.  н.е.
",Національний музей історії України,речовий,50.4454,30.5175
83,"Гривна з гемою.
Автор невідомий. 
Античні міста-держави Північного Причорномор’я, І ст. н.е.
",Національний музей історії України,речовий,50.4454,30.5175
84,"Ікона «Зішестя до пекла». Кін. ХVІІ – І чверть ХVІІІ ст., не пізніше 1761 р. Чернігівщина, Україна",Національний заповідник Києво-Печерська лавра,образотворчий,50.4349,30.5595
85,"Ікона «Благовіщення». ІІ третина ХVІІІ ст., не пізніше 1761 р. Чернігівщина, Україна. ",Національний заповідник Києво-Печерська лавра,образотворчий,50.4349,30.5595
86,"Ікона «Поклоніння пастухів». Кін. ХVІІ – І чверть ХVІІІ ст., не пізніше 1761 р. Чернігівщина, Україна. ",Національний заповідник Києво-Печерська лавра,образотворчий,50.4349,30.5595
87,"Ікона «Хрещення» (Зішестя святого духа) Кін. ХVІІ – І чверть ХVІІІ ст., не пізніше 1761 р. Чернігівщина, Україна. ",Національний заповідник Києво-Печерська лавра,образотворчий,50.4349,30.5595
88,"Ікона «Преподобні Антоній і Феодосій Печерські». ІІ третина ХVІІІ ст., не пізніше 1761 р. Чернігівщина, Україна. ",Національний заповідник Києво-Печерська лавра,образотворчий,50.4349,30.5595
89,"Ікона «Собор Архангела Михаїла». ІІ третина ХVІІІ ст., не пізніше 1761 р. Чернігівщина, Україна",Національний заповідник Києво-Печерська лавра,образотворчий,50.4349,30.5595
90,"Ікона «Святий Микола Чудотворець». ІІ третина ХVІІІ ст., Чернігівщина, Україна. ",Національний заповідник Києво-Печерська лавра,образотворчий,50.4349,30.5595
91,"Ікона «Успіння Богородиці» з накладними срібними дверцятами. Друга половина ХVІІ ст. Київ, Україна, Києво-Печерська лавра.",Національний заповідник Києво-Печерська лавра,образотворчий,50.4349,30.5595
92,"Ікона «Вогненне сходження Іллі. Введення Богородиці до храму. Вибрані святі» зі срібною накладною вставкою для мощей. 1692 р., м. Ніжин, Чернігівщина, Україна",Національний заповідник Києво-Печерська лавра,образотворчий,50.4349,30.5595
93,"Ікона «Деісус», ХVІІ ст. Волинь, Україна",Національний заповідник Києво-Печерська лавра,образотворчий,50.4349,30.5595
94,"Ікона «Втеча до Єгипту». ХVІІ ст., Галичина, Україна.",Національний заповідник Києво-Печерська лавра,образотворчий,50.4349,30.5595
95,"Ікона «Спас на престолі». Перша половина ХVІІ ст., Галичина, Україна. ",Національний заповідник Києво-Печерська лавра,образотворчий,50.4349,30.5595
96,"Ікона «Вознесіння Господнє». ХVІІ ст., Волинь, Україна.",Національний заповідник Києво-Печерська лавра,образотворчий,50.4349,30.5595
97,"Ікона «Преображення» кінець ХVІІ – початок ХVІІІ ст., Холмщина, Україна.",Національний заповідник Києво-Печерська лавра,образотворчий,50.4349,30.5595
98,"Ікона «Богородиця Троїцько-Іллінська». Перша половина ХVІІІ ст. Київщина, Україна.",Національний заповідник Києво-Печерська лавра,образотворчий,50.4349,30.5595
99,"Ікона «Вознесіння» 1730-ті рр., Київ.     Києво-Печерська лавра, Україна.",Національний заповідник Києво-Печерська лавра,образотворчий,50.4349,30.5595
100,"Ікона «Різдво Богородиці». 1730-ті рр., Київ. Києво-Печерська лавра, Україна",Національний заповідник Києво-Печерська лавра,образотворчий,50.4349,30.5595
101,"Ікона «Обрізання». 1730-ті рр., Київ.    Києво-Печерська лавра, Україна.",Національний заповідник Києво-Печерська лавра,образотворчий,50.4349,30.5595
102,"Ікона «Хрещення». 1730-ті рр., Київ.    Києво-Печерська лавра, Україна.",Національний заповідник Києво-Печерська лавра,образотворчий,50.4349,30.5595
103,"Ікона «Різдво Христове». 1730-ті рр., Київ.   Києво-Печерська лавра, Україна.",Національний заповідник Києво-Печерська лавра,образотворчий,50.4349,30.5595
104,"Украйна/Зложив П. КулЬшъ. – Часть перва: Одъ початку Украйны до батька Хмелницького. – Кіевъ: [Рукописна книга], 1843. – 62 с.",Національний музей літератури України,письмовий,50.4464,30.5187
105,"Фелон. Друга чверть ХVІІІ ст. Україна, м. Київ. Майстерня Києво-Вознесенського Флорівського монастиря. Вклад 1749 р. до Києво-Печерської Лаври Н. Долгорукової.",Національний заповідник Києво-Печерська лавра,"речовий, образотворчий",50.4349,30.5595
106,"Воздух «Не ридай мене, Мати». ХVІІ ст. (1689 р.) Україна, м. Київ. Майстерня Києво-Вознесенського монастиря.",Національний заповідник Києво-Печерська лавра,"речовий, образотворчий",50.4349,30.5595
107,"Фелон. 1625 р. Україна, м. Київ. Майстерня Києво-Вознесенського монастиря.",Національний заповідник Києво-Печерська лавра,"речовий, образотворчий",50.4349,30.5595
108,"Фелон. 1750 р. Україна, м. Київ. Майстерня Києво-Вознесенського Флорівського монастиря.",Національний заповідник Києво-Печерська лавра,"речовий, образотворчий",50.4349,30.5595
109,"Фелон. Початок ХVІІІ ст. Україна, м. Київ. Майстерня Києво-Вознесенського Флорівського монастиря. Дарунок імператриці Катерини Олексіївни 1726 р.",Національний заповідник Києво-Печерська лавра,"речовий, образотворчий",50.4349,30.5595
110,"Фелон. Початок ХVІІІ ст. Україна, м. Київ. Майстерня Києво-Вознесенського Флорівського монастиря. Дарунок імператриці Катерини Олексіївни 1726 р.",Національний заповідник Києво-Печерська лавра,"речовий, образотворчий",50.4349,30.5595
111,"Фелон. Друга половина ХVІІ ст. Оксамит – Османська імперія, м. Бурса, гаптування – Україна. ",Національний заповідник Києво-Печерська лавра,"речовий, образотворчий",50.4349,30.5595
112,Плащаниця. ХVІ ст. (1561 р.) Молдова. ,Національний заповідник Києво-Печерська лавра,"речовий, образотворчий",50.4349,30.5595
113,Воздух «Різдво Богородиці». ХVІІ ст. (1682 р.) Майстерня Києво-Вознесенського монастиря.,Національний заповідник Києво-Печерська лавра,"речовий, образотворчий",50.4349,30.5595
114,"Плащаниця.
Початок XVIІI ст. Україна. Вклад Варлаама Ясинського
",Національний заповідник Києво-Печерська лавра,"речовий, образотворчий",50.4349,30.5595
115,"Гаптована нашивка на фелон «Вознесіння». XVII ст. Україна, м. Київ. Майстерня Києво-Вознесенського монастиря.",Національний заповідник Києво-Печерська лавра,"речовий, образотворчий",50.4349,30.5595
116,"Покрівець хрещатий «Агнець Божий». Середина ХVІІ ст. м. Київ, Україна. Майстерня Києво-Вознесенського монастиря.",Національний заповідник Києво-Печерська лавра,"речовий, образотворчий",50.4349,30.5595
117,"Воздух «Покрова Богородиці». 1692 р. Україна, м. Київ. Майстерня Києво-Вознесенського монастиря.",Національний заповідник Києво-Печерська лавра,"речовий, образотворчий",50.4349,30.5595
118,Покров. Початок ХVІІ ст. Україна. Походить із поховання Єлисея Плетенецького 1624 року. ,Національний заповідник Києво-Печерська лавра,"речовий, образотворчий",50.4349,30.5595
119,Ікона-рельєф «Святий Георгій в житії». Кінець ХІ-середина ХІІІ ст. Візантія (Херсонес? Трапезунд?),Національний художній музей України,образотворчий,50.4501,30.5243
120,"Ікона «Дейсус» 
Україна (Київщина)      ХVІІ ст.
",Комунальний заклад Сумської обласної ради «Сумський обласний художній музей ім.Никанора Онацького»,образотворчий,50.9116,34.7984
121,"Суд Париса. 1685
Лука Джордано 
1634 – 1705  
",Комунальний заклад Сумської обласної ради «Сумський обласний художній музей ім.Никанора Онацького»,образотворчий,50.9116,34.7984
122,"Музичний вечір у Тінторетто. 1842
Козрое Дузі 
1803 – 1860 
",Комунальний заклад Сумської обласної ради «Сумський обласний художній музей ім.Никанора Онацького»,образотворчий,50.9116,34.7984
123,"Вночі у монастирі. 1880-і Василь Полєнов
1844 – 1927
",Комунальний заклад Сумської обласної ради «Сумський обласний художній музей ім.Никанора Онацького»,образотворчий,50.9116,34.7984
124,"Горе. 1882
Марія Башкирцева
1858 – 1884
",Комунальний заклад Сумської обласної ради «Сумський обласний художній музей ім.Никанора Онацького»,образотворчий,50.9116,34.7984
125,"Портрет Антоніо Д’андраде. 1885
Валентин Сєров
1865 – 1911
",Комунальний заклад Сумської обласної ради «Сумський обласний художній музей ім.Никанора Онацького»,образотворчий,50.9116,34.7984
126,"Автопортрет у свитці 
1923 – 1924
Федір Кричевський
1879 – 1947
",Комунальний заклад Сумської обласної ради «Сумський обласний художній музей ім.Никанора Онацького»,образотворчий,50.9116,34.7984
127,"Битва в повітрі/Демон і Тамара. 1900-і 
Вільгельм Котарбінський 
1849 – 1921
",Комунальний заклад Сумської обласної ради «Сумський обласний художній музей ім.Никанора Онацького»,образотворчий,50.9116,34.7984
128,"До зірок/Поцілунок янгола. 1900-і
Вільгельм Котарбінський 
1849 – 1921
",Комунальний заклад Сумської обласної ради «Сумський обласний художній музей ім.Никанора Онацького»,образотворчий,50.9116,34.7984
129,"Смерч/Янгол із піднятим мечем. 1900-і
Вільгельм Котарбінський 
1849 – 1921
",Комунальний заклад Сумської обласної ради «Сумський обласний художній музей ім.Никанора Онацького»,образотворчий,50.9116,34.7984
130,"Наплакалась/Біля могили. 1900-і
Вільгельм Котарбінський 
1849 – 1921
",Комунальний заклад Сумської обласної ради «Сумський обласний художній музей ім.Никанора Онацького»,образотворчий,50.9116,34.7984
131,"Раби (сцена з римського життя). 1890-і
Вільгельм Котарбінський 
1849 – 1921
",Комунальний заклад Сумської обласної ради «Сумський обласний художній музей ім.Никанора Онацького»,образотворчий,50.9116,34.7984
132,"Чорнильниця «Бібліофіл» (оригінальний варіант розпису), 1840-і роки Волокитинська порцелянова мануфактура А. Міклашевського",Комунальний заклад Сумської обласної ради «Сумський обласний художній музей ім.Никанора Онацького»,"речовий, образотворчий",50.9116,34.7984
133,Настінна таріль «Крилатий гусар» 1880-і роки  Польща. Неборов. Мануфактура художньої майоліки Петера Радзівілла,Комунальний заклад Сумської обласної ради «Сумський обласний художній музей ім.Никанора Онацького»,"речовий, образотворчий",50.9116,34.7984
134,"Глек срібний з карбованими рослинними орнаментами та трьома сюжетними фризами.
Близько 400 р., Візантійська імперія.",Комунальний заклад Сумської обласної ради «Сумський обласний краєзнавчий музей»,речовий образотворчий (художній метал),50.9077,34.7981
135,"Глек з інкрустацією. Близько 400 р., Візантійська імперія.",Комунальний заклад Сумської обласної ради «Сумський обласний краєзнавчий музей»,речовий образотворчий (художній метал),50.9077,34.7981
136,"Ланцюг нагрудний. Середина ІІІ – початок IV ст., київська археологічна культура.",Комунальний заклад Сумської обласної ради «Сумський обласний краєзнавчий музей»,речовий (археологічний),50.9077,34.7981
137,Барельєф-медальйон представника родини Кочубеїв. Пармен Забіла. Остання третина ХІХ ст.   ,Комунальний заклад Сумської обласної ради «Сумський обласний краєзнавчий музей»,образотворчий,50.9077,34.7981
138,Барельєф-медальйон представника родини Кочубеїв. Пармен Забіла. Остання третина ХІХ ст.   ,Комунальний заклад Сумської обласної ради «Сумський обласний краєзнавчий музей»,образотворчий,50.9077,34.7981
139,Барельєф-медальйон представника родини Кочубеїв. Пармен Забіла. Остання третина ХІХ ст.   ,Комунальний заклад Сумської обласної ради «Сумський обласний краєзнавчий музей»,образотворчий,50.9077,34.7981
140,"Картина «Козак Мамай». ХІХ ст., автор-невідомий художник, походження-невідоме",Комунальний заклад «Охтирський міський краєзнавчий музей»,образотворчий,50.3217,34.9027
141,"Барельєф «Козак бандурист», 1902 рік, автор П.Ф. Юхименко",Комунальний заклад «Охтирський міський краєзнавчий музей»,образотворчий,50.3217,34.9027
142,"Браслет, ХІІ-ІХ ст. до н. е., Середнє Подніпров’я",Національний історико-культурний заповідник Чигирин,речовий,49.0884,32.6784
143,"Браслет, ХІІ-ІХ ст. до н. е., Дніпровське лісостепове Правобережжя",Національний історико-культурний заповідник Чигирин,речовий,49.0884,32.6784
144,"Браслет, ХІІ-ІХ ст. до н. е., Дніпровське лісостепове Правобережжя",Національний історико-культурний заповідник Чигирин,речовий,49.0884,32.6784
145,"Баклага, ХVІІ ст., Україна",Національний історико-культурний заповідник Чигирин,речовий,49.0884,32.6784
146,"Перстень, ХVІІ ст., Україна",Національний історико-культурний заповідник Чигирин,речовий,49.0884,32.6784
147,"Царські ворота іконостаса Борисоглібського собору
 м. Чернігова,  Пилип Якоб Дрентветт IV, Аугсбург, Німеччина. 1702 р
",Національний архітектурно-історичний заповідник Чернігів стародавній,"речовий, образотворчий",51.4979,31.2928
148,"Ікона «Покрова Богородиці».
 Чернігово-Сіверщина, Україна.
Середина XVIIІ ст
",Національний архітектурно-історичний заповідник Чернігів стародавній,образотворчий,51.4979,31.2928
149,"Ікона “Коронування Богородиці”.
Чернігово-Сіверщина, Україна.
Друга половина  XVII ст.,
",Національний архітектурно-історичний заповідник Чернігів стародавній,образотворчий,51.4979,31.2928
150,"Ікона “Св. рівноап. кн. Володимир”. Чернігово-Сіверщина, Україна.
Друга половина  XVII ст.,
",Національний архітектурно-історичний заповідник Чернігів стародавній,образотворчий,51.4979,31.2928
151,"Ікона “Прп. Антоній і Феодосій”.  Чернігово-Сіверщина, Україна. Др. пол.  XVII ст.,",Національний архітектурно-історичний заповідник Чернігів стародавній,образотворчий,51.4979,31.2928
152,"Ікона “Троїцько-Іллінська Богородиця”. Чернігово-Сіверщина, Україна.
1778 р.
",Національний архітектурно-історичний заповідник Чернігів стародавній,образотворчий,51.4979,31.2928
153,"Ікона “Трійця Старозавітна”. Чернігово-Сіверщина, Україна.
Друга половина XVII ст.
",Національний архітектурно-історичний заповідник Чернігів стародавній,образотворчий,51.4979,31.2928
154,"Ікона “Три святителі”. Чернігово-Сіверщина, Україна.
Друга половина  XVII ст.
",Національний архітектурно-історичний заповідник Чернігів стародавній,образотворчий,51.4979,31.2928
155,"Дошка закладна гербова гетьмана Івана Мазепи. Чернігів, Україна.
Поч. XVIII ст. ,
",Національний архітектурно-історичний заповідник Чернігів стародавній,образотворчий,51.4979,31.2928
156,"Капітель зі звірами.  Чернігів, Київська Русь. Поч. XІІ ст.,",Національний архітектурно-історичний заповідник Чернігів стародавній,"речовий, образотворчий",51.4979,31.2928
157,"Камінь порталу наріжний з драконом. Чернігів, Київська Русь.
Поч. XІІ ст.,
",Національний архітектурно-історичний заповідник Чернігів стародавній,"речовий, образотворчий",51.4979,31.2928
158,"Мощениця-релікварій.
Чернігів, Київська Русь.
30-ті рр. XІ ст.,
",Національний архітектурно-історичний заповідник Чернігів стародавній,речовий,51.4979,31.2928
159,"Кобза, подарована українським живописцем, мистецтвознавцем, дослідником, краєзнавцем Н. Онацьким лебединським краєзнавцям. 1921 р.",Комунальний заклад «Лебединський міський краєзнавчий музей» Лебединської міської ради,речовий,50.5871,34.4996
160,"Прапор цеховий, лебединських булочників, 1856 рік. ",Комунальний заклад «Лебединський міський краєзнавчий музей» Лебединської міської ради,речовий,50.5871,34.4996
161,"Ваза порцелянова.
Порцеляновий завод А.М. Міклашевського 
(1801-1895)
",Меморіальний будинок-музей А. П. Чехова в м. Суми,"речовий, образотворчий",50.9066,34.8067
162,"Фотографічний портрет Антона Павловича Чехова.
Автор: «К. А. Шапиро -фотографъ Императ. Академии художествъ», 1889 р.
",Меморіальний будинок-музей А. П. Чехова в м. Суми,фото образотворчий писемний,50.9066,34.8067
163,"«Знак нагрудний «Павлоградський міський голова», 1870р. (рос. мовою)",Комунальний заклад «Павлоградський історико-краєзнавчий музей» Павлоградської міської ради,речовий,48.5333,35.8667
164,"Книга рукописна «Євангеліє», кінець XVI- поч. ХVІІст. Територія південних слов’ян (Сербія, Хорватія)",Комунальний заклад «Павлоградський історико-краєзнавчий музей» Павлоградської міської ради,письмовий,48.5333,35.8667
165,"Пластина поясна.
VIII ст. до н.е.
Автор невідомий.
",Національний музей історії України,речовий,50.4454,30.5175
166,"Обойма від піхов кинджала.
VIII ст. до н.е.
Автор невідомий.
",Національний музей історії України,речовий,50.4454,30.5175
167,"Пластина-оббивка дерев’яної чаші.
VIII ст. до н.е.
Автор невідомий.
",Національний музей історії України,речовий,50.4454,30.5175
168,"Пластина-оббивка дерев’яної чаші.
VIII ст. до н.е.
Автор невідомий.
",Національний музей історії України,речовий,50.4454,30.5175
169,"Пластина-оббивка дерев’яної чаші.
VIII ст. до н.е.
Автор невідомий.
",Національний музей історії України,речовий,50.4454,30.5175
170,"Підвіска.
VIII – VII ст. до н.е.
Автор невідомий.

",Національний музей історії України,речовий,50.4454,30.5175
171,"Підвіска.
VIII – VII ст. до н.е.
Автор невідомий.

",Національний музей історії України,речовий,50.4454,30.5175
172,"Гривна.
VIII ст. до н.е.
Автор невідомий.

",Національний музей історії України,речовий,50.4454,30.5175
173,"Шпилька-підвіска. 
VII ст. до н.е.
Автор невідомий.

",Національний музей історії України,речовий,50.4454,30.5175
174,"Діадема
IV–V ст.
Автор невідомий
",Національний музей історії України,речовий,50.4454,30.5175
175,"Кинджал. IV-V ст.
Автор невідомий
",Національний музей історії України,речовий,50.4454,30.5175
176,"Меч. Х ст. 
Автор невідомий.
",Національний музей історії України,речовий,50.4454,30.5175
177,"Фібула – шпилька кільцева. Х ст. 
Автор невідомий.
",Національний музей історії України,речовий,50.4454,30.5175
178,"Колт. 
ХІІ – поч. ХІІІ ст. 
Автор невідомий.
",Національний музей історії України,речовий,50.4454,30.5175
179,"Медальйон. 
VII – VIII ст.
Інталія: кін. II – поч. IV ст.
Автор невідомий.
",Національний музей історії України,речовий,50.4454,30.5175
180,"Хрест напрестольний. 
1546 р. Україна, Львів. Автор невідомий. 
",Національний музей історії України,речовий,50.4454,30.5175
181,"Хрест-мощовик.
1671 р. Україна, Київ. Майстер Федір Золотар.
",Національний музей історії України,речовий,50.4454,30.5175
182,"Хрест напрестольний. 1744 р. Україна, Київ. 
Майстер Матвій Нарунович.      
",Національний музей історії України,речовий,50.4454,30.5175
183,"Дарохранильниця. 
30-50-ті рр. XVIII ст. 
Майстер Матвій Нарунович.      
",Національний музей історії України,речовий,50.4454,30.5175
184,"Дарохранильниця.
1673 р. Україна. 
Автор невідомий.
",Національний музей історії України,речовий,50.4454,30.5175
185,"Дарохранильниця.  1787 р. Україна. Київ. 
Майстер Климент Чижевський. 
",Національний музей історії України,речовий,50.4454,30.5175
186,"Митра. 
Кінець XVII ст. Україна. 
",Національний музей історії України,речовий,50.4454,30.5175
187,"Митра. 
Перша половина XVIII ст. Україна, Київ. 
Автор невідомий.
",Національний музей історії України,речовий,50.4454,30.5175
188,"Митра. 
Кінець XVII ст. Україна, Росія (?).
",Національний музей історії України,речовий,50.4454,30.5175
189,"Митра. 
XVIII ст.  Україна.
Автор невідомий. 
",Національний музей історії України,речовий,50.4454,30.5175
190,"Посох. 
30-50 рр. XVIII ст. Україна. Київ.
Майстер Матвій Нарунович. 
",Національний музей історії України,речовий,50.4454,30.5175
191,"Оклад  ікони «Богородиця Казанська» у кіоті-складні.
1710-ті рр. – остання чверть XVIII ст.  
Україна, Росія.
Автор невідомий. 
",Національний музей історії України,речовий,50.4454,30.5175
192,"Рама окладу ікони. Кінець XVII- початок XVIII. ст. Україна.
З гербом І. Мазепи.
Автор невідомий. 
",Національний музей історії України,речовий,50.4454,30.5175
193,"Оклад  ікони “Богородиця Братська"". 1738, Україна, Київ. 
Майстер Матвій Нарунович.
",Національний музей історії України,речовий,50.4454,30.5175
194,"Потир.  
1683 р. Україна.
Автор невідомий. 
",Національний музей історії України,речовий,50.4454,30.5175
195,"Потир. 
1749 р. 
Україна, Київ. 
Майстер Іван Равич.
",Національний музей історії України,речовий,50.4454,30.5175
196,"Потир. 
30-40-ві рр. XVIII ст.  Україна, Київ. 
Майстер Іван Равич.
",Національний музей історії України,речовий,50.4454,30.5175
197,"Потир. 1731 р. 
Україна, Київ. 
Майстер Іван Равич.
",Національний музей історії України,речовий,50.4454,30.5175
198,"Чайник. 
Близько 1715 р. Україна, Київ. 
Майстер Іван Равич. 
",Національний музей історії України,речовий,50.4454,30.5175
199,"Блюдо. 
1723 р. Україна, Київ. 
Майстер Іван Равич. 
",Національний музей історії України,речовий,50.4454,30.5175
200,"Потир. 
1741 р. Україна, Київ. Майстер Матвій Нарунович.
",Національний музей історії України,речовий,50.4454,30.5175
201,"Потир. 
1743 р. 
Україна, Київ. 
Майстер Матвій Нарунович.
",Національний музей історії України,речовий,50.4454,30.5175
202,"Потир.
1686 р. Росія, Москва.
З вкладним написом 
І. Самойловича.
Автор невідомий.  
",Національний музей історії України,речовий,50.4454,30.5175
203,"Дискос. 
1686 р. Росія, Москва.
Автор невідомий.
Вклад І. Самойловича в Києво-Печерську лавру. 
",Національний музей історії України,речовий,50.4454,30.5175
204,"Панагія. 
XVII ст., Росія. 
",Національний музей історії України,речовий,50.4454,30.5175
205,"Панагія. 
XVIII ст., Росія. 
",Національний музей історії України,речовий,50.4454,30.5175
206,"Панагія. 
Пер. пол. XVIII ст., Україна. 
",Національний музей історії України,речовий,50.4454,30.5175
207,"Панагія. 
XVIII ст. Україна. 
Автор невідомий. 
",Національний музей історії України,речовий,50.4454,30.5175
208,"Печатка.   
1807-1818 рр. Росія (?).
Автор невідомий. 
",Національний музей історії України,речовий,50.4454,30.5175
209,"Корона до сувою Тори. Початок ХІХ ст., Європа.
Автор невідомий.
",Національний музей історії України,речовий,50.4454,30.5175
210,"Корона до сувою Тори. Середина ХІХ ст., м. Кам’янець-Подільський. 
Автор невідомий.
",Національний музей історії України,речовий,50.4454,30.5175
211,"Корона до сувою Тори. 1875р., Україна, 
м. Житомир.
Автор невідомий.
",Національний музей історії України,речовий,50.4454,30.5175
212,"Щит до сувою Тори. 1880р., Україна, 
м. Золотоноша.
Автор невідомий.
",Національний музей історії України,речовий,50.4454,30.5175
213,"Щит до сувою Тори. 
1848 р., Україна, м. Житомир.
Автор невідомий.
",Національний музей історії України,речовий,50.4454,30.5175
214,"Шевченко Тарас Григорович (1814-1861) Катерина. 1842, СПб",Національний музей Тараса Шевченка,образотворчий,50.4399,30.5286
215,"Шевченко Тарас Григорович (1814-1861) Портрет Іллі Івановича Лизогуба. 28.02-30.04.1846 – 03.1847, Седнів Чернігівської губернії",Національний музей Тараса Шевченка,образотворчий,50.4399,30.5286
216,"Шевченко Тарас Григорович (1814-1861) Автопортрет. Січень-лютий. 1840, СПб",Національний музей Тараса Шевченка,образотворчий,50.4399,30.5286
217,"Шевченко Тарас Григорович (1814-1861) На пасіці. 1843, Україна",Національний музей Тараса Шевченка,образотворчий,50.4399,30.5286
218,"Шевченко Тарас Григорович (1814-1861) Селянська родина. 1843, Україна",Національний музей Тараса Шевченка,образотворчий,50.4399,30.5286
219,"Ікона «Св. Юрій Змієборець»., невідомий іконописець ХІV ст., Галицько-Волинська держава (?).
ХІV ст.
",Національний музей у Львові імені Андрея Шептицького,образотворчий,49.8397,24.0297
220,"Ікона «Преображення». невідомий іконописець ХІV ст., Галицько-Волинська держава (?).
ХІV ст.
",Національний музей у Львові імені Андрея Шептицького,образотворчий,49.8397,24.0297
221,"Ікона «Архангел Михаїл». невідомий іконописець ХІV ст., Галицько-Волинська держава (?).
ХІV ст.
",Національний музей у Львові імені Андрея Шептицького,образотворчий,49.8397,24.0297
222,"Ікона «Архангел Гавриїл». невідомий іконописець ХІV ст.,  Галицько-Волинська держава (?).
ХІV ст.
",Національний музей у Львові імені Андрея Шептицького,образотворчий,49.8397,24.0297
223,"Ікона «Св. Миколай з житієм». невідомий іконописець початку ХV ст,.  Велике князівство Литовське. Початок ХV ст.",Національний музей у Львові імені Андрея Шептицького,образотворчий,49.8397,24.0297
224,"Ікона «Богородиця Одигітрія з похвалою». невідомий іконописець ХV ст, Велике князівство Литовське.
ХV ст.
",Національний музей у Львові імені Андрея Шептицького,образотворчий,49.8397,24.0297
225,"Ікона «Св. Параскева». невідомий іконописець ХІV ст., Велике князівство Литовське. Друга половина  ХІV ст. (близько 1370 р.-?),",Національний музей у Львові імені Андрея Шептицького,образотворчий,49.8397,24.0297
226,"Ікона «Преподобний Феодосій Печерський» Україна, м. Київ, Києво-Печерська лавра. 1700-ті роки",Національний заповідник Києво-Печерська лавра,образотворчий,50.4349,30.5595
227,"Ікона «Преподобний Антоній Печерський» Україна, м. Київ, Києво-Печерська лавра. 1700-ті роки",Національний заповідник Києво-Печерська лавра,образотворчий,50.4349,30.5595
228,"Ікона «Христос Вседержитель» в профільованій дерев'яній рамі з накладними різьбленими елементами. Україна, м. Київ, Києво-Печерська лавра. 1700-ті роки.",Національний заповідник Києво-Печерська лавра,образотворчий,50.4349,30.5595
229,"Ікона «Богородиця Одигітрія» в профільованій дерев'яній рамі з накладними різьбленими елементами. Україна, м. Київ, Києво-Печерська лавра. 1700-ті роки.",Національний заповідник Києво-Печерська лавра,образотворчий,50.4349,30.5595
230,Ікона «Зішестя до пекла» Волинь. Початок ХVІ ст. ,Національний заповідник Києво-Печерська лавра,образотворчий,50.4349,30.5595
231,Ікона «Спас в силах». Галичина. ХVІ ст.,Національний заповідник Києво-Печерська лавра,образотворчий,50.4349,30.5595
232,Царські врата. Волинь. Середина – друга половина ХVІ ст. ,Національний заповідник Києво-Печерська лавра,образотворчий,50.4349,30.5595
233,Пектораль – нагрудна прикраса. ,Національний музей історії України,речовий,50.4454,30.5175
234,"Сережка човникоподібна.
Автор невідомий.
Доба бронзи, XIII -  XII ст. до н.е. 
",Національний музей історії України,речовий,50.4454,30.5175
235,"Підвіска у вигляді 
спіралеподібного стрижня.
Автор невідомий.
Кіммерійці, 
VIII ст. до н.е.
",Національний музей історії України,речовий,50.4454,30.5175
236,"Пластина із зображенням оленя. 
Автор невідомий. 
Скіфи, VII  ст.  до н.е.
",Національний музей історії України,речовий,50.4454,30.5175
237,"Пластина із зображенням оленя. 
Автор невідомий. 
Скіфи, VII  ст.  до н.е.
",Національний музей історії України,речовий,50.4454,30.5175
238,"Пластина із зображенням оленя. 
Автор невідомий. 
Скіфи, VII  ст.  до н.е.
",Національний музей історії України,речовий,50.4454,30.5175
239,"Пластина із зображенням оленя. 
Автор невідомий. 
Скіфи, VII  ст.  до н.е.
",Національний музей історії України,речовий,50.4454,30.5175
240,"Пластина із зображенням оленя. 
Автор невідомий. 
Скіфи, VII  ст.  до н.е.
",Національний музей історії України,речовий,50.4454,30.5175
241,"Пластина із зображенням оленя. 
Автор невідомий. 
Скіфи, VII  ст.  до н.е.
",Національний музей історії України,речовий,50.4454,30.5175
242,"Пластина із зображенням оленя. 
Автор невідомий. 
Скіфи, VII  ст.  до н.е.
",Національний музей історії України,речовий,50.4454,30.5175
243,"Пластина із зображенням оленя. 
Автор невідомий. 
Скіфи, VII  ст.  до н.е.
",Національний музей історії України,речовий,50.4454,30.5175
244,"Пластина із зображенням оленя. 
Автор невідомий. 
Скіфи, VII  ст.  до н.е.
",Національний музей історії України,речовий,50.4454,30.5175
245,"Пластина із зображенням оленя. 
Автор невідомий. 
Скіфи, VII  ст.  до н.е.
",Національний музей історії України,речовий,50.4454,30.5175
246,"Пластина із зображенням оленя. 
Автор невідомий. 
Скіфи, VII  ст.  до н.е.
",Національний музей історії України,речовий,50.4454,30.5175
247,"Пластина із зображенням оленя. 
Автор невідомий. 
Скіфи, VII  ст.  до н.е.
",Національний музей історії України,речовий,50.4454,30.5175
248,"Пластина із зображенням оленя. 
Автор невідомий. 
Скіфи, VII  ст.  до н.е.
",Національний музей історії України,речовий,50.4454,30.5175
249,"Пластина із зображенням оленя. 
Автор невідомий. 
Скіфи, VII  ст.  до н.е.
",Національний музей історії України,речовий,50.4454,30.5175
250,"Пластина із зображенням оленя. 
Автор невідомий. 
Скіфи, VII  ст.  до н.е.
",Національний музей історії України,речовий,50.4454,30.5175
251,"Пластина із зображенням оленя. 
Автор невідомий. 
Скіфи, VII  ст.  до н.е.
",Національний музей історії України,речовий,50.4454,30.5175
252,"Пластина із зображенням оленя. 
Автор невідомий. 
Скіфи, VII  ст.  до н.е.
",Національний музей історії України,речовий,50.4454,30.5175
253,"Пластина із зображенням оленя. 
Автор невідомий. 
Скіфи, VII  ст.  до н.е.
",Національний музей історії України,речовий,50.4454,30.5175
254,"Пластина із зображенням оленя. 
Автор невідомий. 
Скіфи, VII  ст.  до н.е.
",Національний музей історії України,речовий,50.4454,30.5175
255,"Пластина із зображенням оленя. 
Автор невідомий. 
Скіфи, VII  ст.  до н.е.
",Національний музей історії України,речовий,50.4454,30.5175
256,"Пластина із зображенням оленя. 
Автор невідомий. 
Скіфи, VII  ст.  до н.е.
",Національний музей історії України,речовий,50.4454,30.5175
257,"Пластина із зображенням оленя. 
Автор невідомий. 
Скіфи, VII  ст.  до н.е.
",Національний музей історії України,речовий,50.4454,30.5175
258,"Пластина із зображенням оленя. 
Автор невідомий. 
Скіфи, VII  ст.  до н.е.
",Національний музей історії України,речовий,50.4454,30.5175
259,"Пластина із зображенням оленя. 
Автор невідомий. 
Скіфи, VII  ст.  до н.е.
",Національний музей історії України,речовий,50.4454,30.5175
260,"Пластина із зображенням оленя. 
Автор невідомий. 
Скіфи, VII  ст.  до н.е.
",Національний музей історії України,речовий,50.4454,30.5175
261,"Пластина із зображенням оленя. 
Автор невідомий. 
Скіфи, VII  ст.  до н.е.
",Національний музей історії України,речовий,50.4454,30.5175
262,"Пластина із зображенням оленя. 
Автор невідомий. 
Скіфи, VII  ст.  до н.е.
",Національний музей історії України,речовий,50.4454,30.5175
263,"Пластина із зображенням оленя. 
Автор невідомий. 
Скіфи, VII  ст.  до н.е.
",Національний музей історії України,речовий,50.4454,30.5175
264,"Пластина із зображенням оленя. 
Автор невідомий. 
Скіфи, VII  ст.  до н.е.
",Національний музей історії України,речовий,50.4454,30.5175
265,"Пластина із зображенням оленя. 
Автор невідомий. 
Скіфи, VII  ст.  до н.е.
",Національний музей історії України,речовий,50.4454,30.5175
266,"Пластина із зображенням гірського козла. Автор невідомий.
Скіфи, VII  ст.  до н.е.
",Національний музей історії України,речовий,50.4454,30.5175
267,"Пластина із зображенням гірського козла. Автор невідомий.
Скіфи, VII  ст.  до н.е.
",Національний музей історії України,речовий,50.4454,30.5175
268,"Пластина із зображенням гірського козла. Автор невідомий.
Скіфи, VII  ст.  до н.е.
",Національний музей історії України,речовий,50.4454,30.5175
269,"Пластина із зображенням гірського козла. Автор невідомий.
Скіфи, VII  ст.  до н.е.
",Національний музей історії України,речовий,50.4454,30.5175
270,"Пластина із зображенням гірського козла. Автор невідомий.
Скіфи, VII  ст.  до н.е.
",Національний музей історії України,речовий,50.4454,30.5175
271,"Пластина із зображенням гірського козла. Автор невідомий.
Скіфи, VII  ст.  до н.е.
",Національний музей історії України,речовий,50.4454,30.5175
272,"Пластина із зображенням гірського козла. Автор невідомий.
Скіфи, VII  ст.  до н.е.
",Національний музей історії України,речовий,50.4454,30.5175
273,"Пластина із зображенням гірського козла. Автор невідомий.
Скіфи, VII  ст.  до н.е.
",Національний музей історії України,речовий,50.4454,30.5175
274,"Пластина із зображенням гірського козла. Автор невідомий.
Скіфи, VII  ст.  до н.е.
",Національний музей історії України,речовий,50.4454,30.5175
275,"Пластина із зображенням гірського козла. Автор невідомий.
Скіфи, VII  ст.  до н.е.
",Національний музей історії України,речовий,50.4454,30.5175
276,"Пластина із зображенням гірського козла. Автор невідомий.
Скіфи, VII  ст.  до н.е.
",Національний музей історії України,речовий,50.4454,30.5175
277,"Пластина із зображенням гірського козла. Автор невідомий.
Скіфи, VII  ст.  до н.е.
",Національний музей історії України,речовий,50.4454,30.5175
278,"Пластина із зображенням гірського козла. Автор невідомий.
Скіфи, VII  ст.  до н.е.
",Національний музей історії України,речовий,50.4454,30.5175
279,"Пластина із зображенням гірського козла. Автор невідомий.
Скіфи, VII  ст.  до н.е.
",Національний музей історії України,речовий,50.4454,30.5175
280,"Пластина із зображенням гірського козла. Автор невідомий.
Скіфи, VII  ст.  до н.е.
",Національний музей історії України,речовий,50.4454,30.5175
281,"Пластина із зображенням гірського козла. Автор невідомий.
Скіфи, VII  ст.  до н.е.
",Національний музей історії України,речовий,50.4454,30.5175
282,"Пластина із зображенням гірського козла. Автор невідомий.
Скіфи, VII  ст.  до н.е.
",Національний музей історії України,речовий,50.4454,30.5175
283,"Пластина із зображенням гірського козла. Автор невідомий.
Скіфи, VII  ст.  до н.е.
",Національний музей історії України,речовий,50.4454,30.5175
284,"Пластина із зображенням грифона. 
Автор невідомий.
Скіфи, VII  ст. до н.е.
",Національний музей історії України,речовий,50.4454,30.5175
285,"Пластина із зображенням грифона. 
Автор невідомий.
Скіфи, VII  ст. до н.е.
",Національний музей історії України,речовий,50.4454,30.5175
286,"Пластина із зображенням грифона. 
Автор невідомий.
Скіфи, VII  ст. до н.е.
",Національний музей історії України,речовий,50.4454,30.5175
287,"Пластина із зображенням грифона. 
Автор невідомий.
Скіфи, VII  ст. до н.е.
",Національний музей історії України,речовий,50.4454,30.5175
288,"Пластина із зображенням грифона. 
Автор невідомий.
Скіфи, VII  ст. до н.е.
",Національний музей історії України,речовий,50.4454,30.5175
289,"Пластина із зображенням грифона. 
Автор невідомий.
Скіфи, VII  ст. до н.е.
",Національний музей історії України,речовий,50.4454,30.5175
290,"Пластина із зображенням грифона. 
Автор невідомий.
Скіфи, VII  ст. до н.е.
",Національний музей історії України,речовий,50.4454,30.5175
291,"Пластина із зображенням грифона. 
Автор невідомий.
Скіфи, VII  ст. до н.е.
",Національний музей історії України,речовий,50.4454,30.5175
292,"Пластина із зображенням грифона. 
Автор невідомий.
Скіфи, VII  ст. до н.е.
",Національний музей історії України,речовий,50.4454,30.5175
293,"Меч залізний із золотою плакіровкою руків’я (2 од. зб.).
Оббивка піхов меча (1 од. зб.)
Автор невідомий. 
Скіфи, IV ст. до н.е.
",Національний музей історії України,речовий,50.4454,30.5175
294,"Чаша із зображенням скіфів. 
Автор невідомий. 
Скіфи, IV ст. до н.е.
",Національний музей історії України,речовий,50.4454,30.5175
295,"„Шолом” – культовий предмет із зображенням битви скіфів.
Автор невідомий. 
Скіфи, IV ст. до н.е.
",Національний музей історії України,речовий,50.4454,30.5175
296,"Пластина – прикраса головного убору із зображенням культових сцен.
Автор невідомий. 
Скіфи, IV ст. до н.е.
",Національний музей історії України,речовий,50.4454,30.5175
297,"Пластина ажурна – прикраса голови коня.
Автор невідомий. 
Скіфи, IV ст. до н.е.
",Національний музей історії України,речовий,50.4454,30.5175
298,"Пластина – окуття горита (футляр для лука і стріл).
Автор невідомий. 
Скіфи, IV ст. до н.е.
",Національний музей історії України,речовий,50.4454,30.5175
299,"Фігурка вепра – ручка посудини.
Автор невідомий. 
Скіфи, IV ст. до н.е.
",Національний музей історії України,речовий,50.4454,30.5175
300,"Сережка парна у вигляді сфінкса.
Автор невідомий.
Скіфи, IV ст. до н.е.
",Національний музей історії України,речовий,50.4454,30.5175
301,"Сережка парна у вигляді сфінкса.
Автор невідомий.
Скіфи, IV ст. до н.е.
",Національний музей історії України,речовий,50.4454,30.5175
302,"Браслет наручний.
Автор невідомий. 
Сармати, II ст. до н.е. – I ст. н.е.
",Національний музей історії України,речовий,50.4454,30.5175
303,"Браслет наручний.
Автор невідомий. 
II ст. до н.е. - I ст.  н.е.
",Національний музей історії України,речовий,50.4454,30.5175
304,"Гривна спіральна з фігурками тварин на кінцях.
Автор невідомий. 
Сармати, II ст. до н.е. – I ст.  н.е.
",Національний музей історії України,речовий,50.4454,30.5175
305,"Фібула у вигляді дельфіна.
Автор невідомий. 
Сармати, II ст. до н.е. – I ст.  н.е
",Національний музей історії України,речовий,50.4454,30.5175
306,"Сережка парна.
Автор невідомий. 
Сармати, II ст. до н.е. – I ст.  н.е.
",Національний музей історії України,речовий,50.4454,30.5175
307,"Сережка парна.
Автор невідомий. 
Сармати, II ст. до н.е. – I ст.  н.е.
",Національний музей історії України,речовий,50.4454,30.5175
308,"Гривна з гемою.
Автор невідомий. 
Античні міста-держави Північного Причорномор’я, І ст. н.е.
",Національний музей історії України,речовий,50.4454,30.5175
309,"Ікона «Зішестя до пекла». Кін. ХVІІ – І чверть ХVІІІ ст., не пізніше 1761 р. Чернігівщина, Україна",Національний заповідник Києво-Печерська лавра,образотворчий,50.4349,30.5595
310,"Ікона «Благовіщення». ІІ третина ХVІІІ ст., не пізніше 1761 р. Чернігівщина, Україна. ",Національний заповідник Києво-Печерська лавра,образотворчий,50.4349,30.5595
311,"Ікона «Поклоніння пастухів». Кін. ХVІІ – І чверть ХVІІІ ст., не пізніше 1761 р. Чернігівщина, Україна. ",Національний заповідник Києво-Печерська лавра,образотворчий,50.4349,30.5595
312,"Ікона «Хрещення» (Зішестя святого духа) Кін. ХVІІ – І чверть ХVІІІ ст., не пізніше 1761 р. Чернігівщина, Україна. ",Національний заповідник Києво-Печерська лавра,образотворчий,50.4349,30.5595
313,"Ікона «Преподобні Антоній і Феодосій Печерські». ІІ третина ХVІІІ ст., не пізніше 1761 р. Чернігівщина, Україна. ",Національний заповідник Києво-Печерська лавра,образотворчий,50.4349,30.5595
314,"Ікона «Собор Архангела Михаїла». ІІ третина ХVІІІ ст., не пізніше 1761 р. Чернігівщина, Україна",Національний заповідник Києво-Печерська лавра,образотворчий,50.4349,30.5595
315,"Ікона «Святий Микола Чудотворець». ІІ третина ХVІІІ ст., Чернігівщина, Україна. ",Національний заповідник Києво-Печерська лавра,образотворчий,50.4349,30.5595
316,"Ікона «Успіння Богородиці» з накладними срібними дверцятами. Друга половина ХVІІ ст. Київ, Україна, Києво-Печерська лавра.",Національний заповідник Києво-Печерська лавра,образотворчий,50.4349,30.5595
317,"Ікона «Вогненне сходження Іллі. Введення Богородиці до храму. Вибрані святі» зі срібною накладною вставкою для мощей. 1692 р., м. Ніжин, Чернігівщина, Україна",Національний заповідник Києво-Печерська лавра,образотворчий,50.4349,30.5595
318,"Ікона «Деісус», ХVІІ ст. Волинь, Україна",Національний заповідник Києво-Печерська лавра,образотворчий,50.4349,30.5595
319,"Ікона «Втеча до Єгипту». ХVІІ ст., Галичина, Україна.",Національний заповідник Києво-Печерська лавра,образотворчий,50.4349,30.5595
320,"Ікона «Спас на престолі». Перша половина ХVІІ ст., Галичина, Україна. ",Національний заповідник Києво-Печерська лавра,образотворчий,50.4349,30.5595
321,"Ікона «Вознесіння Господнє». ХVІІ ст., Волинь, Україна.",Національний заповідник Києво-Печерська лавра,образотворчий,50.4349,30.5595
322,"Ікона «Преображення» кінець ХVІІ – початок ХVІІІ ст., Холмщина, Україна.",Національний заповідник Києво-Печерська лавра,образотворчий,50.4349,30.5595
323,"Ікона «Богородиця Троїцько-Іллінська». Перша половина ХVІІІ ст. Київщина, Україна.",Національний заповідник Києво-Печерська лавра,образотворчий,50.4349,30.5595
324,"Ікона «Вознесіння» 1730-ті рр., Київ.     Києво-Печерська лавра, Україна.",Національний заповідник Києво-Печерська лавра,образотворчий,50.4349,30.5595
325,"Ікона «Різдво Богородиці». 1730-ті рр., Київ. Києво-Печерська лавра, Україна",Національний заповідник Києво-Печерська лавра,образотворчий,50.4349,30.5595
326,"Ікона «Обрізання». 1730-ті рр., Київ.    Києво-Печерська лавра, Україна.",Національний заповідник Києво-Печерська лавра,образотворчий,50.4349,30.5595
327,"Ікона «Хрещення». 1730-ті рр., Київ.    Києво-Печерська лавра, Україна.",Національний заповідник Києво-Печерська лавра,образотворчий,50.4349,30.5595
328,"Ікона «Різдво Христове». 1730-ті рр., Київ.   Києво-Печерська лавра, Україна.",Національний заповідник Києво-Печерська лавра,образотворчий,50.4349,30.5595
329,"Украйна/Зложив П. КулЬшъ. – Часть перва: Одъ початку Украйны до батька Хмелницького. – Кіевъ: [Рукописна книга], 1843. – 62 с.",Національний музей літератури України,письмовий,50.4464,30.5187
330,"Фелон. Друга чверть ХVІІІ ст. Україна, м. Київ. Майстерня Києво-Вознесенського Флорівського монастиря. Вклад 1749 р. до Києво-Печерської Лаври Н. Долгорукової.",Національний заповідник Києво-Печерська лавра,"речовий, образотворчий",50.4349,30.5595
331,"Воздух «Не ридай мене, Мати». ХVІІ ст. (1689 р.) Україна, м. Київ. Майстерня Києво-Вознесенського монастиря.",Національний заповідник Києво-Печерська лавра,"речовий, образотворчий",50.4349,30.5595
332,"Фелон. 1625 р. Україна, м. Київ. Майстерня Києво-Вознесенського монастиря.",Національний заповідник Києво-Печерська лавра,"речовий, образотворчий",50.4349,30.5595
333,"Фелон. 1750 р. Україна, м. Київ. Майстерня Києво-Вознесенського Флорівського монастиря.",Національний заповідник Києво-Печерська лавра,"речовий, образотворчий",50.4349,30.5595
334,"Фелон. Початок ХVІІІ ст. Україна, м. Київ. Майстерня Києво-Вознесенського Флорівського монастиря. Дарунок імператриці Катерини Олексіївни 1726 р.",Національний заповідник Києво-Печерська лавра,"речовий, образотворчий",50.4349,30.5595
335,"Фелон. Початок ХVІІІ ст. Україна, м. Київ. Майстерня Києво-Вознесенського Флорівського монастиря. Дарунок імператриці Катерини Олексіївни 1726 р.",Національний заповідник Києво-Печерська лавра,"речовий, образотворчий",50.4349,30.5595
336,"Фелон. Друга половина ХVІІ ст. Оксамит – Османська імперія, м. Бурса, гаптування – Україна. ",Національний заповідник Києво-Печерська лавра,"речовий, образотворчий",50.4349,30.5595
337,Плащаниця. ХVІ ст. (1561 р.) Молдова. ,Національний заповідник Києво-Печерська лавра,"речовий, образотворчий",50.4349,30.5595
338,Воздух «Різдво Богородиці». ХVІІ ст. (1682 р.) Майстерня Києво-Вознесенського монастиря.,Національний заповідник Києво-Печерська лавра,"речовий, образотворчий",50.4349,30.5595
339,"Плащаниця.
Початок XVIІI ст. Україна. Вклад Варлаама Ясинського
",Національний заповідник Києво-Печерська лавра,"речовий, образотворчий",50.4349,30.5595
340,"Гаптована нашивка на фелон «Вознесіння». XVII ст. Україна, м. Київ. Майстерня Києво-Вознесенського монастиря.",Національний заповідник Києво-Печерська лавра,"речовий, образотворчий",50.4349,30.5595
341,"Покрівець хрещатий «Агнець Божий». Середина ХVІІ ст. м. Київ, Україна. Майстерня Києво-Вознесенського монастиря.",Національний заповідник Києво-Печерська лавра,"речовий, образотворчий",50.4349,30.5595
342,"Воздух «Покрова Богородиці». 1692 р. Україна, м. Київ. Майстерня Києво-Вознесенського монастиря.",Національний заповідник Києво-Печерська лавра,"речовий, образотворчий",50.4349,30.5595
343,Покров. Початок ХVІІ ст. Україна. Походить із поховання Єлисея Плетенецького 1624 року. ,Національний заповідник Києво-Печерська лавра,"речовий, образотворчий",50.4349,30.5595
344,Ікона-рельєф «Святий Георгій в житії». Кінець ХІ-середина ХІІІ ст. Візантія (Херсонес? Трапезунд?),Національний художній музей України,образотворчий,50.4501,30.5243
345,"Ікона «Дейсус» 
Україна (Київщина)      ХVІІ ст.
",Комунальний заклад Сумської обласної ради «Сумський обласний художній музей ім.Никанора Онацького»,образотворчий,50.9116,34.7984
346,"Суд Париса. 1685
Лука Джордано 
1634 – 1705  
",Комунальний заклад Сумської обласної ради «Сумський обласний художній музей ім.Никанора Онацького»,образотворчий,50.9116,34.7984
347,"Музичний вечір у Тінторетто. 1842
Козрое Дузі 
1803 – 1860 
",Комунальний заклад Сумської обласної ради «Сумський обласний художній музей ім.Никанора Онацького»,образотворчий,50.9116,34.7984
348,"Вночі у монастирі. 1880-і Василь Полєнов
1844 – 1927
",Комунальний заклад Сумської обласної ради «Сумський обласний художній музей ім.Никанора Онацького»,образотворчий,50.9116,34.7984
349,"Горе. 1882
Марія Башкирцева
1858 – 1884
",Комунальний заклад Сумської обласної ради «Сумський обласний художній музей ім.Никанора Онацького»,образотворчий,50.9116,34.7984
350,"Портрет Антоніо Д’андраде. 1885
Валентин Сєров
1865 – 1911
",Комунальний заклад Сумської обласної ради «Сумський обласний художній музей ім.Никанора Онацького»,образотворчий,50.9116,34.7984
351,"Автопортрет у свитці 
1923 – 1924
Федір Кричевський
1879 – 1947
",Комунальний заклад Сумської обласної ради «Сумський обласний художній музей ім.Никанора Онацького»,образотворчий,50.9116,34.7984
352,"Битва в повітрі/Демон і Тамара. 1900-і 
Вільгельм Котарбінський 
1849 – 1921
",Комунальний заклад Сумської обласної ради «Сумський обласний художній музей ім.Никанора Онацького»,образотворчий,50.9116,34.7984
353,"До зірок/Поцілунок янгола. 1900-і
Вільгельм Котарбінський 
1849 – 1921
",Комунальний заклад Сумської обласної ради «Сумський обласний художній музей ім.Никанора Онацького»,образотворчий,50.9116,34.7984
354,"Смерч/Янгол із піднятим мечем. 1900-і
Вільгельм Котарбінський 
1849 – 1921
",Комунальний заклад Сумської обласної ради «Сумський обласний художній музей ім.Никанора Онацького»,образотворчий,50.9116,34.7984
355,"Наплакалась/Біля могили. 1900-і
Вільгельм Котарбінський 
1849 – 1921
",Комунальний заклад Сумської обласної ради «Сумський обласний художній музей ім.Никанора Онацького»,образотворчий,50.9116,34.7984
356,"Раби (сцена з римського життя). 1890-і
Вільгельм Котарбінський 
1849 – 1921
",Комунальний заклад Сумської обласної ради «Сумський обласний художній музей ім.Никанора Онацького»,образотворчий,50.9116,34.7984
357,"Чорнильниця «Бібліофіл» (оригінальний варіант розпису), 1840-і роки Волокитинська порцелянова мануфактура А. Міклашевського",Комунальний заклад Сумської обласної ради «Сумський обласний художній музей ім.Никанора Онацького»,"речовий, образотворчий",50.9116,34.7984
358,Настінна таріль «Крилатий гусар» 1880-і роки  Польща. Неборов. Мануфактура художньої майоліки Петера Радзівілла,Комунальний заклад Сумської обласної ради «Сумський обласний художній музей ім.Никанора Онацького»,"речовий, образотворчий",50.9116,34.7984
359,"Глек срібний з карбованими рослинними орнаментами та трьома сюжетними фризами.
Близько 400 р., Візантійська імперія.
",Комунальний заклад Сумської обласної ради «Сумський обласний краєзнавчий музей»,речовий образотворчий (художній метал),50.9077,34.7981
360,"Глек з інкрустацією. Близько 400 р., Візантійська імперія.",Комунальний заклад Сумської обласної ради «Сумський обласний краєзнавчий музей»,речовий образотворчий (художній метал),50.9077,34.7981
361,"Ланцюг нагрудний. Середина ІІІ – початок IV ст., київська археологічна культура.",Комунальний заклад Сумської обласної ради «Сумський обласний краєзнавчий музей»,речовий (археологічний),50.9077,34.7981
362,Барельєф-медальйон представника родини Кочубеїв. Пармен Забіла. Остання третина ХІХ ст.   ,Комунальний заклад Сумської обласної ради «Сумський обласний краєзнавчий музей»,образотворчий,50.9077,34.7981
363,Барельєф-медальйон представника родини Кочубеїв. Пармен Забіла. Остання третина ХІХ ст.   ,Комунальний заклад Сумської обласної ради «Сумський обласний краєзнавчий музей»,образотворчий,50.9077,34.7981
364,Барельєф-медальйон представника родини Кочубеїв. Пармен Забіла. Остання третина ХІХ ст.   ,Комунальний заклад Сумської обласної ради «Сумський обласний краєзнавчий музей»,образотворчий,50.9077,34.7981
365,"Картина «Козак Мамай». ХІХ ст., автор-невідомий художник, походження-невідоме",Комунальний заклад «Охтирський міський краєзнавчий музей»,образотворчий,50.3217,34.9027
366,"Барельєф «Козак бандурист», 1902 рік, автор П.Ф. Юхименко",Комунальний заклад «Охтирський міський краєзнавчий музей»,образотворчий,50.3217,34.9027
367,"Браслет, ХІІ-ІХ ст. до н. е., Середнє Подніпров’я",Національний історико-культурний заповідник Чигирин,речовий,49.0884,32.6784
368,"Браслет, ХІІ-ІХ ст. до н. е., Дніпровське лісостепове Правобережжя",Національний історико-культурний заповідник Чигирин,речовий,49.0884,32.6784
369,"Браслет, ХІІ-ІХ ст. до н. е., Дніпровське лісостепове Правобережжя",Національний історико-культурний заповідник Чигирин,речовий,49.0884,32.6784
370,"Баклага, ХVІІ ст., Україна",Національний історико-культурний заповідник Чигирин,речовий,49.0884,32.6784
371,"Перстень, ХVІІ ст., Україна",Національний історико-культурний заповідник Чигирин,речовий,49.0884,32.6784
372,"Царські ворота іконостаса Борисоглібського собору
 м. Чернігова,  Пилип Якоб Дрентветт IV, Аугсбург, Німеччина. 1702 р
",Національний архітектурно-історичний заповідник Чернігів стародавній,"речовий, образотворчий",51.4979,31.2928
373,"Ікона «Покрова Богородиці».
 Чернігово-Сіверщина, Україна.
Середина XVIIІ ст
",Національний архітектурно-історичний заповідник Чернігів стародавній,образотворчий,51.4979,31.2928
374,"Ікона “Коронування Богородиці”.
Чернігово-Сіверщина, Україна.
Друга половина  XVII ст.,
",Національний архітектурно-історичний заповідник Чернігів стародавній,образотворчий,51.4979,31.2928
375,"Ікона “Св. рівноап. кн. Володимир”. Чернігово-Сіверщина, Україна.
Друга половина  XVII ст.,
",Національний архітектурно-історичний заповідник Чернігів стародавній,образотворчий,51.4979,31.2928
376,"Ікона “Прп. Антоній і Феодосій”.  Чернігово-Сіверщина, Україна. Др. пол.  XVII ст.,",Національний архітектурно-історичний заповідник Чернігів стародавній,образотворчий,51.4979,31.2928
377,"Ікона “Троїцько-Іллінська Богородиця”. Чернігово-Сіверщина, Україна.
1778 р.
",Національний архітектурно-історичний заповідник Чернігів стародавній,образотворчий,51.4979,31.2928
378,"Ікона “Трійця Старозавітна”. Чернігово-Сіверщина, Україна.
Друга половина XVII ст.
",Національний архітектурно-історичний заповідник Чернігів стародавній,образотворчий,51.4979,31.2928
379,"Ікона “Три святителі”. Чернігово-Сіверщина, Україна.
Друга половина  XVII ст.
",Національний архітектурно-історичний заповідник Чернігів стародавній,образотворчий,51.4979,31.2928
380,"Дошка закладна гербова гетьмана Івана Мазепи. Чернігів, Україна.
Поч. XVIII ст. ,
",Національний архітектурно-історичний заповідник Чернігів стародавній,образотворчий,51.4979,31.2928
381,"Капітель зі звірами.  Чернігів, Київська Русь. Поч. XІІ ст.,",Національний архітектурно-історичний заповідник Чернігів стародавній,"речовий, образотворчий",51.4979,31.2928
382,"Камінь порталу наріжний з драконом. Чернігів, Київська Русь.
Поч. XІІ ст.,
",Національний архітектурно-історичний заповідник Чернігів стародавній,"речовий, образотворчий",51.4979,31.2928
383,"Мощениця-релікварій.
Чернігів, Київська Русь.
30-ті рр. XІ ст.,
",Національний архітектурно-історичний заповідник Чернігів стародавній,речовий,51.4979,31.2928
384,"Ікона «Преподобний Феодосій Печерський» Україна, м. Київ, Києво-Печерська лавра. 1700-ті роки",Національний заповідник Києво-Печерська лавра,образотворчий,50.4349,30.5595
385,"Ікона «Преподобний Антоній Печерський» Україна, м. Київ, Києво-Печерська лавра. 1700-ті роки",Національний заповідник Києво-Печерська лавра,образотворчий,50.4349,30.5595
386,"Ікона «Христос Вседержитель» в профільованій дерев'яній рамі з накладними різьбленими елементами. Україна, м. Київ, Києво-Печерська лавра. 1700-ті роки.",Національний заповідник Києво-Печерська лавра,образотворчий,50.4349,30.5595
387,"Ікона «Богородиця Одигітрія» в профільованій дерев'яній рамі з накладними різьбленими елементами. Україна, м. Київ, Києво-Печерська лавра. 1700-ті роки.",Національний заповідник Києво-Печерська лавра,образотворчий,50.4349,30.5595
388,Ікона «Зішестя до пекла» Волинь. Початок ХVІ ст. ,Національний заповідник Києво-Печерська лавра,образотворчий,50.4349,30.5595
389,Ікона «Спас в силах». Галичина. ХVІ ст.,Національний заповідник Києво-Печерська лавра,образотворчий,50.4349,30.5595
390,Царські врата. Волинь. Середина – друга половина ХVІ ст. ,Національний заповідник Києво-Печерська лавра,образотворчий,50.4349,30.5595
391,Пектораль – нагрудна прикраса. ,Національний музей історії України,речовий,50.4454,30.5175
392,"Сережка човникоподібна.
Автор невідомий.
Доба бронзи, XIII -  XII ст. до н.е. 
",Національний музей історії України,речовий,50.4454,30.5175
393,"Підвіска у вигляді 
спіралеподібного стрижня.
Автор невідомий.
Кіммерійці, 
VIII ст. до н.е.
",Національний музей історії України,речовий,50.4454,30.5175
394,"Пластина із зображенням оленя. 
Автор невідомий. 
Скіфи, VII  ст.  до н.е.
",Національний музей історії України,речовий,50.4454,30.5175
395,"Пластина із зображенням оленя. 
Автор невідомий. 
Скіфи, VII  ст.  до н.е.
",Національний музей історії України,речовий,50.4454,30.5175
396,"Пластина із зображенням оленя. 
Автор невідомий. 
Скіфи, VII  ст.  до н.е.
",Національний музей історії України,речовий,50.4454,30.5175
397,"Пластина із зображенням оленя. 
Автор невідомий. 
Скіфи, VII  ст.  до н.е.
",Національний музей історії України,речовий,50.4454,30.5175
398,"Пластина із зображенням оленя. 
Автор невідомий. 
Скіфи, VII  ст.  до н.е.
",Національний музей історії України,речовий,50.4454,30.5175
399,"Пластина із зображенням оленя. 
Автор невідомий. 
Скіфи, VII  ст.  до н.е.
",Національний музей історії України,речовий,50.4454,30.5175
400,"Пластина із зображенням оленя. 
Автор невідомий. 
Скіфи, VII  ст.  до н.е.
",Національний музей історії України,речовий,50.4454,30.5175
401,"Пластина із зображенням оленя. 
Автор невідомий. 
Скіфи, VII  ст.  до н.е.
",Національний музей історії України,речовий,50.4454,30.5175
402,"Пластина із зображенням оленя. 
Автор невідомий. 
Скіфи, VII  ст.  до н.е.
",Національний музей історії України,речовий,50.4454,30.5175
403,"Пластина із зображенням оленя. 
Автор невідомий. 
Скіфи, VII  ст.  до н.е.
",Національний музей історії України,речовий,50.4454,30.5175
404,"Пластина із зображенням оленя. 
Автор невідомий. 
Скіфи, VII  ст.  до н.е.
",Національний музей історії України,речовий,50.4454,30.5175
405,"Пластина із зображенням оленя. 
Автор невідомий. 
Скіфи, VII  ст.  до н.е.
",Національний музей історії України,речовий,50.4454,30.5175
406,"Пластина із зображенням оленя. 
Автор невідомий. 
Скіфи, VII  ст.  до н.е.
",Національний музей історії України,речовий,50.4454,30.5175
407,"Пластина із зображенням оленя. 
Автор невідомий. 
Скіфи, VII  ст.  до н.е.
",Національний музей історії України,речовий,50.4454,30.5175
408,"Пластина із зображенням оленя. 
Автор невідомий. 
Скіфи, VII  ст.  до н.е.
",Національний музей історії України,речовий,50.4454,30.5175
409,"Пластина із зображенням оленя. 
Автор невідомий. 
Скіфи, VII  ст.  до н.е.
",Національний музей історії України,речовий,50.4454,30.5175
410,"Пластина із зображенням оленя. 
Автор невідомий. 
Скіфи, VII  ст.  до н.е.
",Національний музей історії України,речовий,50.4454,30.5175
411,"Пластина із зображенням оленя. 
Автор невідомий. 
Скіфи, VII  ст.  до н.е.
",Національний музей історії України,речовий,50.4454,30.5175
412,"Пластина із зображенням оленя. 
Автор невідомий. 
Скіфи, VII  ст.  до н.е.
",Національний музей історії України,речовий,50.4454,30.5175
413,"Пластина із зображенням оленя. 
Автор невідомий. 
Скіфи, VII  ст.  до н.е.
",Національний музей історії України,речовий,50.4454,30.5175
414,"Пластина із зображенням оленя. 
Автор невідомий. 
Скіфи, VII  ст.  до н.е.
",Національний музей історії України,речовий,50.4454,30.5175
415,"Пластина із зображенням оленя. 
Автор невідомий. 
Скіфи, VII  ст.  до н.е.
",Національний музей історії України,речовий,50.4454,30.5175
416,"Пластина із зображенням оленя. 
Автор невідомий. 
Скіфи, VII  ст.  до н.е.
",Національний музей історії України,речовий,50.4454,30.5175
417,"Пластина із зображенням оленя. 
Автор невідомий. 
Скіфи, VII  ст.  до н.е.
",Національний музей історії України,речовий,50.4454,30.5175
418,"Пластина із зображенням оленя. 
Автор невідомий. 
Скіфи, VII  ст.  до н.е.
",Національний музей історії України,речовий,50.4454,30.5175
419,"Пластина із зображенням оленя. 
Автор невідомий. 
Скіфи, VII  ст.  до н.е.
",Національний музей історії України,речовий,50.4454,30.5175
420,"Пластина із зображенням оленя. 
Автор невідомий. 
Скіфи, VII  ст.  до н.е.
",Національний музей історії України,речовий,50.4454,30.5175
421,"Пластина із зображенням оленя. 
Автор невідомий. 
Скіфи, VII  ст.  до н.е.
",Національний музей історії України,речовий,50.4454,30.5175
422,"Пластина із зображенням оленя. 
Автор невідомий. 
Скіфи, VII  ст.  до н.е.
",Національний музей історії України,речовий,50.4454,30.5175
423,"Пластина із зображенням оленя. 
Автор невідомий. 
Скіфи, VII  ст.  до н.е.
",Національний музей історії України,речовий,50.4454,30.5175
424,"Пластина із зображенням гірського козла. Автор невідомий.
Скіфи, VII  ст.  до н.е.
",Національний музей історії України,речовий,50.4454,30.5175
425,"Пластина із зображенням гірського козла. Автор невідомий.
Скіфи, VII  ст.  до н.е.
",Національний музей історії України,речовий,50.4454,30.5175
426,"Пластина із зображенням гірського козла. Автор невідомий.
Скіфи, VII  ст.  до н.е.
",Національний музей історії України,речовий,50.4454,30.5175
427,"Пластина із зображенням гірського козла. Автор невідомий.
Скіфи, VII  ст.  до н.е.
",Національний музей історії України,речовий,50.4454,30.5175
428,"Пластина із зображенням гірського козла. Автор невідомий.
Скіфи, VII  ст.  до н.е.
",Національний музей історії України,речовий,50.4454,30.5175
429,"Пластина із зображенням гірського козла. Автор невідомий.
Скіфи, VII  ст.  до н.е.
",Національний музей історії України,речовий,50.4454,30.5175
430,"Пластина із зображенням гірського козла. Автор невідомий.
Скіфи, VII  ст.  до н.е.
",Національний музей історії України,речовий,50.4454,30.5175
431,"Пластина із зображенням гірського козла. Автор невідомий.
Скіфи, VII  ст.  до н.е.
",Національний музей історії України,речовий,50.4454,30.5175
432,"Пластина із зображенням гірського козла. Автор невідомий.
Скіфи, VII  ст.  до н.е.
",Національний музей історії України,речовий,50.4454,30.5175
433,"Пластина із зображенням гірського козла. Автор невідомий.
Скіфи, VII  ст.  до н.е.
",Національний музей історії України,речовий,50.4454,30.5175
434,"Пластина із зображенням гірського козла. Автор невідомий.
Скіфи, VII  ст.  до н.е.
",Національний музей історії України,речовий,50.4454,30.5175
435,"Пластина із зображенням гірського козла. Автор невідомий.
Скіфи, VII  ст.  до н.е.
",Національний музей історії України,речовий,50.4454,30.5175
436,"Пластина із зображенням гірського козла. Автор невідомий.
Скіфи, VII  ст.  до н.е.
",Національний музей історії України,речовий,50.4454,30.5175
437,"Пластина із зображенням гірського козла. Автор невідомий.
Скіфи, VII  ст.  до н.е.
",Національний музей історії України,речовий,50.4454,30.5175
438,"Пластина із зображенням гірського козла. Автор невідомий.
Скіфи, VII  ст.  до н.е.
",Національний музей історії України,речовий,50.4454,30.5175
439,"Пластина із зображенням гірського козла. Автор невідомий.
Скіфи, VII  ст.  до н.е.
",Національний музей історії України,речовий,50.4454,30.5175
440,"Пластина із зображенням гірського козла. Автор невідомий.
Скіфи, VII  ст.  до н.е.
",Національний музей історії України,речовий,50.4454,30.5175
441,"Пластина із зображенням гірського козла. Автор невідомий.
Скіфи, VII  ст.  до н.е.
",Національний музей історії України,речовий,50.4454,30.5175
442,"Пластина із зображенням грифона. 
Автор невідомий.
Скіфи, VII  ст. до н.е.
",Національний музей історії України,речовий,50.4454,30.5175
443,"Пластина із зображенням грифона. 
Автор невідомий.
Скіфи, VII  ст. до н.е.
",Національний музей історії України,речовий,50.4454,30.5175
444,"Пластина із зображенням грифона. 
Автор невідомий.
Скіфи, VII  ст. до н.е.
",Національний музей історії України,речовий,50.4454,30.5175
445,"Пластина із зображенням грифона. 
Автор невідомий.
Скіфи, VII  ст. до н.е.
",Національний музей історії України,речовий,50.4454,30.5175
446,"Пластина із зображенням грифона. 
Автор невідомий.
Скіфи, VII  ст. до н.е.
",Національний музей історії України,речовий,50.4454,30.5175
447,"Пластина із зображенням грифона. 
Автор невідомий.
Скіфи, VII  ст. до н.е.
",Національний музей історії України,речовий,50.4454,30.5175
448,"Пластина із зображенням грифона. 
Автор невідомий.
Скіфи, VII  ст. до н.е.
",Національний музей історії України,речовий,50.4454,30.5175
449,"Пластина із зображенням грифона. 
Автор невідомий.
Скіфи, VII  ст. до н.е.
",Національний музей історії України,речовий,50.4454,30.5175
450,"Пластина із зображенням грифона. 
Автор невідомий.
Скіфи, VII  ст. до н.е.
",Національний музей історії України,речовий,50.4454,30.5175
451,"Меч залізний із золотою плакіровкою руків’я (2 од. зб.).
Оббивка піхов меча (1 од. зб.)
Автор невідомий. 
Скіфи, IV ст. до н.е.
",Національний музей історії України,речовий,50.4454,30.5175
452,"Чаша із зображенням скіфів. 
Автор невідомий. 
Скіфи, IV ст. до н.е.
",Національний музей історії України,речовий,50.4454,30.5175
453,"„Шолом” – культовий предмет із зображенням битви скіфів.
Автор невідомий. 
Скіфи, IV ст. до н.е.
",Національний музей історії України,речовий,50.4454,30.5175
454,"Пластина – прикраса головного убору із зображенням культових сцен.
Автор невідомий. 
Скіфи, IV ст. до н.е.
",Національний музей історії України,речовий,50.4454,30.5175
455,"Пластина ажурна – прикраса голови коня.
Автор невідомий. 
Скіфи, IV ст. до н.е.
",Національний музей історії України,речовий,50.4454,30.5175
456,"Пластина – окуття горита (футляр для лука і стріл).
Автор невідомий. 
Скіфи, IV ст. до н.е.
",Національний музей історії України,речовий,50.4454,30.5175
457,"Фігурка вепра – ручка посудини.
Автор невідомий. 
Скіфи, IV ст. до н.е.
",Національний музей історії України,речовий,50.4454,30.5175
458,"Сережка парна у вигляді сфінкса.
Автор невідомий.
Скіфи, IV ст. до н.е.
",Національний музей історії України,речовий,50.4454,30.5175
459,"Сережка парна у вигляді сфінкса.
Автор невідомий.
Скіфи, IV ст. до н.е.
",Національний музей історії України,речовий,50.4454,30.5175
460,"Браслет наручний.
Автор невідомий. 
Сармати, II ст. до н.е. – I ст. н.е.
",Національний музей історії України,речовий,50.4454,30.5175
461,"Браслет наручний.
Автор невідомий. 
II ст. до н.е. - I ст.  н.е.
",Національний музей історії України,речовий,50.4454,30.5175
462,"Гривна спіральна з фігурками тварин на кінцях.
Автор невідомий. 
Сармати, II ст. до н.е. – I ст.  н.е.
",Національний музей історії України,речовий,50.4454,30.5175
463,"Фібула у вигляді дельфіна.
Автор невідомий. 
Сармати, II ст. до н.е. – I ст.  н.е
",Національний музей історії України,речовий,50.4454,30.5175
464,"Сережка парна.
Автор невідомий. 
Сармати, II ст. до н.е. – I ст.  н.е.
",Національний музей історії України,речовий,50.4454,30.5175
465,"Сережка парна.
Автор невідомий. 
Сармати, II ст. до н.е. – I ст.  н.е.
",Національний музей історії України,речовий,50.4454,30.5175
466,"Гривна з гемою.
Автор невідомий. 
Античні міста-держави Північного Причорномор’я, І ст. н.е.
",Національний музей історії України,речовий,50.4454,30.5175
467,"Ікона «Зішестя до пекла». Кін. ХVІІ – І чверть ХVІІІ ст., не пізніше 1761 р. Чернігівщина, Україна",Національний заповідник Києво-Печерська лавра,образотворчий,50.4349,30.5595
468,"Ікона «Благовіщення». ІІ третина ХVІІІ ст., не пізніше 1761 р. Чернігівщина, Україна. ",Національний заповідник Києво-Печерська лавра,образотворчий,50.4349,30.5595
469,"Ікона «Поклоніння пастухів». Кін. ХVІІ – І чверть ХVІІІ ст., не пізніше 1761 р. Чернігівщина, Україна. ",Національний заповідник Києво-Печерська лавра,образотворчий,50.4349,30.5595
470,"Ікона «Хрещення» (Зішестя святого духа) Кін. ХVІІ – І чверть ХVІІІ ст., не пізніше 1761 р. Чернігівщина, Україна. ",Національний заповідник Києво-Печерська лавра,образотворчий,50.4349,30.5595
471,"Ікона «Преподобні Антоній і Феодосій Печерські». ІІ третина ХVІІІ ст., не пізніше 1761 р. Чернігівщина, Україна. ",Національний заповідник Києво-Печерська лавра,образотворчий,50.4349,30.5595
472,"Ікона «Собор Архангела Михаїла». ІІ третина ХVІІІ ст., не пізніше 1761 р. Чернігівщина, Україна",Національний заповідник Києво-Печерська лавра,образотворчий,50.4349,30.5595
473,"Ікона «Святий Микола Чудотворець». ІІ третина ХVІІІ ст., Чернігівщина, Україна. ",Національний заповідник Києво-Печерська лавра,образотворчий,50.4349,30.5595
474,"Ікона «Успіння Богородиці» з накладними срібними дверцятами. Друга половина ХVІІ ст. Київ, Україна, Києво-Печерська лавра.",Національний заповідник Києво-Печерська лавра,образотворчий,50.4349,30.5595
475,"Ікона «Вогненне сходження Іллі. Введення Богородиці до храму. Вибрані святі» зі срібною накладною вставкою для мощей. 1692 р., м. Ніжин, Чернігівщина, Україна",Національний заповідник Києво-Печерська лавра,образотворчий,50.4349,30.5595
476,"Ікона «Деісус», ХVІІ ст. Волинь, Україна",Національний заповідник Києво-Печерська лавра,образотворчий,50.4349,30.5595
477,"Ікона «Втеча до Єгипту». ХVІІ ст., Галичина, Україна.",Національний заповідник Києво-Печерська лавра,образотворчий,50.4349,30.5595
478,"Ікона «Спас на престолі». Перша половина ХVІІ ст., Галичина, Україна. ",Національний заповідник Києво-Печерська лавра,образотворчий,50.4349,30.5595
479,"Ікона «Вознесіння Господнє». ХVІІ ст., Волинь, Україна.",Національний заповідник Києво-Печерська лавра,образотворчий,50.4349,30.5595
480,"Ікона «Преображення» кінець ХVІІ – початок ХVІІІ ст., Холмщина, Україна.",Національний заповідник Києво-Печерська лавра,образотворчий,50.4349,30.5595
481,"Ікона «Богородиця Троїцько-Іллінська». Перша половина ХVІІІ ст. Київщина, Україна.",Національний заповідник Києво-Печерська лавра,образотворчий,50.4349,30.5595
482,"Ікона «Вознесіння» 1730-ті рр., Київ.     Києво-Печерська лавра, Україна.",Національний заповідник Києво-Печерська лавра,образотворчий,50.4349,30.5595
483,"Ікона «Різдво Богородиці». 1730-ті рр., Київ. Києво-Печерська лавра, Україна",Національний заповідник Києво-Печерська лавра,образотворчий,50.4349,30.5595
484,"Ікона «Обрізання». 1730-ті рр., Київ.    Києво-Печерська лавра, Україна.",Національний заповідник Києво-Печерська лавра,образотворчий,50.4349,30.5595
485,"Ікона «Хрещення». 1730-ті рр., Київ.    Києво-Печерська лавра, Україна.",Національний заповідник Києво-Печерська лавра,образотворчий,50.4349,30.5595
486,"Ікона «Різдво Христове». 1730-ті рр., Київ.   Києво-Печерська лавра, Україна.",Національний заповідник Києво-Печерська лавра,образотворчий,50.4349,30.5595
487,"Украйна/Зложив П. КулЬшъ. – Часть перва: Одъ початку Украйны до батька Хмелницького. – Кіевъ: [Рукописна книга], 1843. – 62 с.",Національний музей літератури України,письмовий,50.4464,30.5187
488,"Фелон. Друга чверть ХVІІІ ст. Україна, м. Київ. Майстерня Києво-Вознесенського Флорівського монастиря. Вклад 1749 р. до Києво-Печерської Лаври Н. Долгорукової.",Національний заповідник Києво-Печерська лавра,"речовий, образотворчий",50.4349,30.5595
489,"Воздух «Не ридай мене, Мати». ХVІІ ст. (1689 р.) Україна, м. Київ. Майстерня Києво-Вознесенського монастиря.",Національний заповідник Києво-Печерська лавра,"речовий, образотворчий",50.4349,30.5595
490,"Фелон. 1625 р. Україна, м. Київ. Майстерня Києво-Вознесенського монастиря.",Національний заповідник Києво-Печерська лавра,"речовий, образотворчий",50.4349,30.5595
491,"Фелон. 1750 р. Україна, м. Київ. Майстерня Києво-Вознесенського Флорівського монастиря.",Національний заповідник Києво-Печерська лавра,"речовий, образотворчий",50.4349,30.5595
492,"Фелон. Початок ХVІІІ ст. Україна, м. Київ. Майстерня Києво-Вознесенського Флорівського монастиря. Дарунок імператриці Катерини Олексіївни 1726 р.",Національний заповідник Києво-Печерська лавра,"речовий, образотворчий",50.4349,30.5595
493,"Фелон. Початок ХVІІІ ст. Україна, м. Київ. Майстерня Києво-Вознесенського Флорівського монастиря. Дарунок імператриці Катерини Олексіївни 1726 р.",Національний заповідник Києво-Печерська лавра,"речовий, образотворчий",50.4349,30.5595
494,"Фелон. Друга половина ХVІІ ст. Оксамит – Османська імперія, м. Бурса, гаптування – Україна. ",Національний заповідник Києво-Печерська лавра,"речовий, образотворчий",50.4349,30.5595
495,Плащаниця. ХVІ ст. (1561 р.) Молдова. ,Національний заповідник Києво-Печерська лавра,"речовий, образотворчий",50.4349,30.5595
496,Воздух «Різдво Богородиці». ХVІІ ст. (1682 р.) Майстерня Києво-Вознесенського монастиря.,Національний заповідник Києво-Печерська лавра,"речовий, образотворчий",50.4349,30.5595
497,"Плащаниця.
Початок XVIІI ст. Україна. Вклад Варлаама Ясинського
",Національний заповідник Києво-Печерська лавра,"речовий, образотворчий",50.4349,30.5595
498,"Гаптована нашивка на фелон «Вознесіння». XVII ст. Україна, м. Київ. Майстерня Києво-Вознесенського монастиря.",Національний заповідник Києво-Печерська лавра,"речовий, образотворчий",50.4349,30.5595
499,"Покрівець хрещатий «Агнець Божий». Середина ХVІІ ст. м. Київ, Україна. Майстерня Києво-Вознесенського монастиря.",Національний заповідник Києво-Печерська лавра,"речовий, образотворчий",50.4349,30.5595
500,"Воздух «Покрова Богородиці». 1692 р. Україна, м. Київ. Майстерня Києво-Вознесенського монастиря.",Національний заповідник Києво-Печерська лавра,"речовий, образотворчий",50.4349,30.5595
501,Покров. Початок ХVІІ ст. Україна. Походить із поховання Єлисея Плетенецького 1624 року. ,Національний заповідник Києво-Печерська лавра,"речовий, образотворчий",50.4349,30.5595
502,Ікона-рельєф «Святий Георгій в житії». Кінець ХІ-середина ХІІІ ст. Візантія (Херсонес? Трапезунд?),Національний художній музей України,образотворчий,50.4501,30.5243
503,"Ікона «Преподобний Феодосій Печерський» Україна, м. Київ, Києво-Печерська лавра. 1700-ті роки",Національний Києво-Печерський історико-культурний заповідник,образотворчий,50.4356,30.5626
504,"Ікона «Преподобний Антоній Печерський» Україна, м. Київ, Києво-Печерська лавра. 1700-ті роки",Національний Києво-Печерський історико-культурний заповідник,образотворчий,50.4356,30.5626
505,"Ікона «Христос Вседержитель» в профільованій дерев'яній рамі з накладними різьбленими елементами. Україна, м. Київ, Києво-Печерська лавра. 1700-ті роки.",Національний Києво-Печерський історико-культурний заповідник,образотворчий,50.4356,30.5626
506,"Ікона «Богородиця Одигітрія» в профільованій дерев'яній рамі з накладними різьбленими елементами. Україна, м. Київ, Києво-Печерська лавра. 1700-ті роки.",Національний Києво-Печерський історико-культурний заповідник,образотворчий,50.4356,30.5626
507,Ікона «Зішестя до пекла» Волинь. Початок ХVІ ст. ,Національний Києво-Печерський історико-культурний заповідник,образотворчий,50.4356,30.5626
508,Ікона «Спас в силах». Галичина. ХVІ ст.,Національний Києво-Печерський історико-культурний заповідник,образотворчий,50.4356,30.5626
509,Царські врата. Волинь. Середина – друга половина ХVІ ст. ,Національний Києво-Печерський історико-культурний заповідник,образотворчий,50.4356,30.5626
510,Пектораль – нагрудна прикраса. ,Національний музей історії України,речовий,50.4454,30.5175
511,"Сережка човникоподібна.
Автор невідомий.
Доба бронзи, XIII -  XII ст. до н.е. 
",Національний музей історії України,речовий,50.4454,30.5175
512,"Підвіска у вигляді 
спіралеподібного стрижня.
Автор невідомий.
Кіммерійці, 
VIII ст. до н.е.
",Національний музей історії України,речовий,50.4454,30.5175
513,"Пластина із зображенням оленя. 
Автор невідомий. 
Скіфи, VII  ст.  до н.е.
",Національний музей історії України,речовий,50.4454,30.5175
514,"Пластина із зображенням оленя. 
Автор невідомий. 
Скіфи, VII  ст.  до н.е.
",Національний музей історії України,речовий,50.4454,30.5175
515,"Пластина із зображенням оленя. 
Автор невідомий. 
Скіфи, VII  ст.  до н.е.
",Національний музей історії України,речовий,50.4454,30.5175
516,"Пластина із зображенням оленя. 
Автор невідомий. 
Скіфи, VII  ст.  до н.е.
",Національний музей історії України,речовий,50.4454,30.5175
517,"Пластина із зображенням оленя. 
Автор невідомий. 
Скіфи, VII  ст.  до н.е.
",Національний музей історії України,речовий,50.4454,30.5175
518,"Пластина із зображенням оленя. 
Автор невідомий. 
Скіфи, VII  ст.  до н.е.
",Національний музей історії України,речовий,50.4454,30.5175
519,"Пластина із зображенням оленя. 
Автор невідомий. 
Скіфи, VII  ст.  до н.е.
",Національний музей історії України,речовий,50.4454,30.5175
520,"Пластина із зображенням оленя. 
Автор невідомий. 
Скіфи, VII  ст.  до н.е.
",Національний музей історії України,речовий,50.4454,30.5175
521,"Пластина із зображенням оленя. 
Автор невідомий. 
Скіфи, VII  ст.  до н.е.
",Національний музей історії України,речовий,50.4454,30.5175
522,"Пластина із зображенням оленя. 
Автор невідомий. 
Скіфи, VII  ст.  до н.е.
",Національний музей історії України,речовий,50.4454,30.5175
523,"Пластина із зображенням оленя. 
Автор невідомий. 
Скіфи, VII  ст.  до н.е.
",Національний музей історії України,речовий,50.4454,30.5175
524,"Пластина із зображенням оленя. 
Автор невідомий. 
Скіфи, VII  ст.  до н.е.
",Національний музей історії України,речовий,50.4454,30.5175
525,"Пластина із зображенням оленя. 
Автор невідомий. 
Скіфи, VII  ст.  до н.е.
",Національний музей історії України,речовий,50.4454,30.5175
526,"Пластина із зображенням оленя. 
Автор невідомий. 
Скіфи, VII  ст.  до н.е.
",Національний музей історії України,речовий,50.4454,30.5175
527,"Пластина із зображенням оленя. 
Автор невідомий. 
Скіфи, VII  ст.  до н.е.
",Національний музей історії України,речовий,50.4454,30.5175
528,"Пластина із зображенням оленя. 
Автор невідомий. 
Скіфи, VII  ст.  до н.е.
",Національний музей історії України,речовий,50.4454,30.5175
529,"Пластина із зображенням оленя. 
Автор невідомий. 
Скіфи, VII  ст.  до н.е.
",Національний музей історії України,речовий,50.4454,30.5175
530,"Пластина із зображенням оленя. 
Автор невідомий. 
Скіфи, VII  ст.  до н.е.
",Національний музей історії України,речовий,50.4454,30.5175
531,"Пластина із зображенням оленя. 
Автор невідомий. 
Скіфи, VII  ст.  до н.е.
",Національний музей історії України,речовий,50.4454,30.5175
532,"Пластина із зображенням оленя. 
Автор невідомий. 
Скіфи, VII  ст.  до н.е.
",Національний музей історії України,речовий,50.4454,30.5175
533,"Пластина із зображенням оленя. 
Автор невідомий. 
Скіфи, VII  ст.  до н.е.
",Національний музей історії України,речовий,50.4454,30.5175
534,"Пластина із зображенням оленя. 
Автор невідомий. 
Скіфи, VII  ст.  до н.е.
",Національний музей історії України,речовий,50.4454,30.5175
535,"Пластина із зображенням оленя. 
Автор невідомий. 
Скіфи, VII  ст.  до н.е.
",Національний музей історії України,речовий,50.4454,30.5175
536,"Пластина із зображенням оленя. 
Автор невідомий. 
Скіфи, VII  ст.  до н.е.
",Національний музей історії України,речовий,50.4454,30.5175
537,"Пластина із зображенням оленя. 
Автор невідомий. 
Скіфи, VII  ст.  до н.е.
",Національний музей історії України,речовий,50.4454,30.5175
538,"Пластина із зображенням оленя. 
Автор невідомий. 
Скіфи, VII  ст.  до н.е.
",Національний музей історії України,речовий,50.4454,30.5175
539,"Пластина із зображенням оленя. 
Автор невідомий. 
Скіфи, VII  ст.  до н.е.
",Національний музей історії України,речовий,50.4454,30.5175
540,"Пластина із зображенням оленя. 
Автор невідомий. 
Скіфи, VII  ст.  до н.е.
",Національний музей історії України,речовий,50.4454,30.5175
541,"Пластина із зображенням оленя. 
Автор невідомий. 
Скіфи, VII  ст.  до н.е.
",Національний музей історії України,речовий,50.4454,30.5175
542,"Пластина із зображенням оленя. 
Автор невідомий. 
Скіфи, VII  ст.  до н.е.
",Національний музей історії України,речовий,50.4454,30.5175
543,"Пластина із зображенням гірського козла. Автор невідомий.
Скіфи, VII  ст.  до н.е.
",Національний музей історії України,речовий,50.4454,30.5175
544,"Пластина із зображенням гірського козла. Автор невідомий.
Скіфи, VII  ст.  до н.е.
",Національний музей історії України,речовий,50.4454,30.5175
545,"Пластина із зображенням гірського козла. Автор невідомий.
Скіфи, VII  ст.  до н.е.
",Національний музей історії України,речовий,50.4454,30.5175
546,"Пластина із зображенням гірського козла. Автор невідомий.
Скіфи, VII  ст.  до н.е.
",Національний музей історії України,речовий,50.4454,30.5175
547,"Пластина із зображенням гірського козла. Автор невідомий.
Скіфи, VII  ст.  до н.е.
",Національний музей історії України,речовий,50.4454,30.5175
548,"Пластина із зображенням гірського козла. Автор невідомий.
Скіфи, VII  ст.  до н.е.
",Національний музей історії України,речовий,50.4454,30.5175
549,"Пластина із зображенням гірського козла. Автор невідомий.
Скіфи, VII  ст.  до н.е.
",Національний музей історії України,речовий,50.4454,30.5175
550,"Пластина із зображенням гірського козла. Автор невідомий.
Скіфи, VII  ст.  до н.е.
",Національний музей історії України,речовий,50.4454,30.5175
551,"Пластина із зображенням гірського козла. Автор невідомий.
Скіфи, VII  ст.  до н.е.
",Національний музей історії України,речовий,50.4454,30.5175
552,"Пластина із зображенням гірського козла. Автор невідомий.
Скіфи, VII  ст.  до н.е.
",Національний музей історії України,речовий,50.4454,30.5175
553,"Пластина із зображенням гірського козла. Автор невідомий.
Скіфи, VII  ст.  до н.е.
",Національний музей історії України,речовий,50.4454,30.5175
554,"Пластина із зображенням гірського козла. Автор невідомий.
Скіфи, VII  ст.  до н.е.
",Національний музей історії України,речовий,50.4454,30.5175
555,"Пластина із зображенням гірського козла. Автор невідомий.
Скіфи, VII  ст.  до н.е.
",Національний музей історії України,речовий,50.4454,30.5175
556,"Пластина із зображенням гірського козла. Автор невідомий.
Скіфи, VII  ст.  до н.е.
",Національний музей історії України,речовий,50.4454,30.5175
557,"Пластина із зображенням гірського козла. Автор невідомий.
Скіфи, VII  ст.  до н.е.
",Національний музей історії України,речовий,50.4454,30.5175
558,"Пластина із зображенням гірського козла. Автор невідомий.
Скіфи, VII  ст.  до н.е.
",Національний музей історії України,речовий,50.4454,30.5175
559,"Пластина із зображенням гірського козла. Автор невідомий.
Скіфи, VII  ст.  до н.е.
",Національний музей історії України,речовий,50.4454,30.5175
560,"Пластина із зображенням гірського козла. Автор невідомий.
Скіфи, VII  ст.  до н.е.
",Національний музей історії України,речовий,50.4454,30.5175
561,"Пластина із зображенням грифона. 
Автор невідомий.
Скіфи, VII  ст. до н.е.
",Національний музей історії України,речовий,50.4454,30.5175
562,"Пластина із зображенням грифона. 
Автор невідомий.
Скіфи, VII  ст. до н.е.
",Національний музей історії України,речовий,50.4454,30.5175
563,"Пластина із зображенням грифона. 
Автор невідомий.
Скіфи, VII  ст. до н.е.
",Національний музей історії України,речовий,50.4454,30.5175
564,"Пластина із зображенням грифона. 
Автор невідомий.
Скіфи, VII  ст. до н.е.
",Національний музей історії України,речовий,50.4454,30.5175
565,"Пластина із зображенням грифона. 
Автор невідомий.
Скіфи, VII  ст. до н.е.
",Національний музей історії України,речовий,50.4454,30.5175
566,"Пластина із зображенням грифона. 
Автор невідомий.
Скіфи, VII  ст. до н.е.
",Національний музей історії України,речовий,50.4454,30.5175
567,"Пластина із зображенням грифона. 
Автор невідомий.
Скіфи, VII  ст. до н.е.
",Національний музей історії України,речовий,50.4454,30.5175
568,"Пластина із зображенням грифона. 
Автор невідомий.
Скіфи, VII  ст. до н.е.
",Національний музей історії України,речовий,50.4454,30.5175
569,"Пластина із зображенням грифона. 
Автор невідомий.
Скіфи, VII  ст. до н.е.
",Національний музей історії України,речовий,50.4454,30.5175
570,"Меч залізний із золотою плакіровкою руків’я (2 од. зб.).
Оббивка піхов меча (1 од. зб.)
Автор невідомий. 
Скіфи, IV ст. до н.е.
",Національний музей історії України,речовий,50.4454,30.5175
571,"Чаша із зображенням скіфів. 
Автор невідомий. 
Скіфи, IV ст. до н.е.
",Національний музей історії України,речовий,50.4454,30.5175
572,"„Шолом” – культовий предмет із зображенням битви скіфів.
Автор невідомий. 
Скіфи, IV ст. до н.е.
",Національний музей історії України,речовий,50.4454,30.5175
573,"Пластина – прикраса головного убору із зображенням культових сцен.
Автор невідомий. 
Скіфи, IV ст. до н.е.
",Національний музей історії України,речовий,50.4454,30.5175
574,"Пластина ажурна – прикраса голови коня.
Автор невідомий. 
Скіфи, IV ст. до н.е.
",Національний музей історії України,речовий,50.4454,30.5175
575,"Пластина – окуття горита (футляр для лука і стріл).
Автор невідомий. 
Скіфи, IV ст. до н.е.
",Національний музей історії України,речовий,50.4454,30.5175
576,"Фігурка вепра – ручка посудини.
Автор невідомий. 
Скіфи, IV ст. до н.е.
",Національний музей історії України,речовий,50.4454,30.5175
577,"Сережка парна у вигляді сфінкса.
Автор невідомий.
Скіфи, IV ст. до н.е.
",Національний музей історії України,речовий,50.4454,30.5175
578,"Сережка парна у вигляді сфінкса.
Автор невідомий.
Скіфи, IV ст. до н.е.
",Національний музей історії України,речовий,50.4454,30.5175
579,"Браслет наручний.
Автор невідомий. 
Сармати, II ст. до н.е. – I ст. н.е.
",Національний музей історії України,речовий,50.4454,30.5175
580,"Браслет наручний.
Автор невідомий. 
II ст. до н.е. - I ст.  н.е.
",Національний музей історії України,речовий,50.4454,30.5175
581,"Гривна спіральна з фігурками тварин на кінцях.
Автор невідомий. 
Сармати, II ст. до н.е. – I ст.  н.е.
",Національний музей історії України,речовий,50.4454,30.5175
582,"Фібула у вигляді дельфіна.
Автор невідомий. 
Сармати, II ст. до н.е. – I ст.  н.е
",Національний музей історії України,речовий,50.4454,30.5175
583,"Сережка парна.
Автор невідомий. 
Сармати, II ст. до н.е. – I ст.  н.е.
",Національний музей історії України,речовий,50.4454,30.5175
584,"Сережка парна.
Автор невідомий. 
Сармати, II ст. до н.е. – I ст.  н.е.
",Національний музей історії України,речовий,50.4454,30.5175
585,"Гривна з гемою.
Автор невідомий. 
Античні міста-держави Північного Причорномор’я, І ст. н.е.
",Національний музей історії України,речовий,50.4454,30.5175
586,"Ікона «Зішестя до пекла». Кін. ХVІІ – І чверть ХVІІІ ст., не пізніше 1761 р. Чернігівщина, Україна",Національний Києво-Печерський історико-культурний заповідник,образотворчий,50.4356,30.5626
587,"Ікона «Благовіщення». ІІ третина ХVІІІ ст., не пізніше 1761 р. Чернігівщина, Україна. ",Національний Києво-Печерський історико-культурний заповідник,образотворчий,50.4356,30.5626
588,"Ікона «Поклоніння пастухів». Кін. ХVІІ – І чверть ХVІІІ ст., не пізніше 1761 р. Чернігівщина, Україна. ",Національний Києво-Печерський історико-культурний заповідник,образотворчий,50.4356,30.5626
589,"Ікона «Хрещення» (Зішестя святого духа) Кін. ХVІІ – І чверть ХVІІІ ст., не пізніше 1761 р. Чернігівщина, Україна. ",Національний Києво-Печерський історико-культурний заповідник,образотворчий,50.4356,30.5626
590,"Ікона «Преподобні Антоній і Феодосій Печерські». ІІ третина ХVІІІ ст., не пізніше 1761 р. Чернігівщина, Україна. ",Національний Києво-Печерський історико-культурний заповідник,образотворчий,50.4356,30.5626
591,"Ікона «Собор Архангела Михаїла». ІІ третина ХVІІІ ст., не пізніше 1761 р. Чернігівщина, Україна",Національний Києво-Печерський історико-культурний заповідник,образотворчий,50.4356,30.5626
592,"Ікона «Святий Микола Чудотворець». ІІ третина ХVІІІ ст., Чернігівщина, Україна. ",Національний Києво-Печерський історико-культурний заповідник,образотворчий,50.4356,30.5626
593,"Ікона «Успіння Богородиці» з накладними срібними дверцятами. Друга половина ХVІІ ст. Київ, Україна, Києво-Печерська лавра.",Національний Києво-Печерський історико-культурний заповідник,образотворчий,50.4356,30.5626
594,"Ікона «Вогненне сходження Іллі. Введення Богородиці до храму. Вибрані святі» зі срібною накладною вставкою для мощей. 1692 р., м. Ніжин, Чернігівщина, Україна",Національний Києво-Печерський історико-культурний заповідник,образотворчий,50.4356,30.5626
595,"Ікона «Деісус», ХVІІ ст. Волинь, Україна",Національний Києво-Печерський історико-культурний заповідник,образотворчий,50.4356,30.5626
596,"Ікона «Втеча до Єгипту». ХVІІ ст., Галичина, Україна.",Національний Києво-Печерський історико-культурний заповідник,образотворчий,50.4356,30.5626
597,"Ікона «Спас на престолі». Перша половина ХVІІ ст., Галичина, Україна. ",Національний Києво-Печерський історико-культурний заповідник,образотворчий,50.4356,30.5626
598,"Ікона «Вознесіння Господнє». ХVІІ ст., Волинь, Україна.",Національний Києво-Печерський історико-культурний заповідник,образотворчий,50.4356,30.5626
599,"Ікона «Преображення» кінець ХVІІ – початок ХVІІІ ст., Холмщина, Україна.",Національний Києво-Печерський історико-культурний заповідник,образотворчий,50.4356,30.5626
600,"Ікона «Богородиця Троїцько-Іллінська». Перша половина ХVІІІ ст. Київщина, Україна.",Національний Києво-Печерський історико-культурний заповідник,образотворчий,50.4356,30.5626
601,"Ікона «Вознесіння» 1730-ті рр., Київ.     Києво-Печерська лавра, Україна.",Національний Києво-Печерський історико-культурний заповідник,образотворчий,50.4356,30.5626
602,"Ікона «Різдво Богородиці». 1730-ті рр., Київ. Києво-Печерська лавра, Україна",Національний Києво-Печерський історико-культурний заповідник,образотворчий,50.4356,30.5626
603,"Ікона «Обрізання». 1730-ті рр., Київ.    Києво-Печерська лавра, Україна.",Національний Києво-Печерський історико-культурний заповідник,образотворчий,50.4356,30.5626
604,"Ікона «Хрещення». 1730-ті рр., Київ.    Києво-Печерська лавра, Україна.",Національний Києво-Печерський історико-культурний заповідник,образотворчий,50.4356,30.5626
605,"Ікона «Різдво Христове». 1730-ті рр., Київ.   Києво-Печерська лавра, Україна.",Національний Києво-Печерський історико-культурний заповідник,образотворчий,50.4356,30.5626
606,"Украйна/Зложив П. КулЬшъ. – Часть перва: Одъ початку Украйны до батька Хмелницького. – Кіевъ: [Рукописна книга], 1843. – 62 с.",Національний музей літератури України,письмовий,50.4464,30.5187
